coin,market_class,underlying,period,target_price,market_name,trades,traders,volume,avg_px
#1731,named,,,0,Argentina,77448,283,10374317.40038,0.7611868497572565
#1730,named,,,0,Argentina,79960,1099,8816103.66695569,0.24169579302626312
#2121,named,,,0,Spain,133744,322,8482727.37891,0.7875820469703314
#2120,named,,,0,Spain,143986,1260,6736698.38941262,0.23388513440383094
#1891,named,,,0,France,106762,307,5990841.35061,0.682929736797737
#1890,named,,,0,France,107107,1056,4129262.25390169,0.3057663280932152
#2051,named,,,0,Portugal,15214,159,3680740.95498,0.8930680649401866
#1541,priceBinary,BTC,1d,63927,Recurring,69569,300,3495337.60798,0.6787103298883124
#200,priceBinary,BTC,1d,80657,Recurring,47343,631,3369601.94489,0.7370036592526878
#5100,,,,0,,4452,391,3185476.89011327,0.7947072027448338
#8131,,,,0,,9649,415,2873304.57071,0.5097525836874287
#601,priceBinary,BTC,1d,76885,Recurring,85334,378,2552490.88919,0.5570411555769096
#7610,,,,0,,8416,520,2438719.83391,0.7817383923479088
#600,priceBinary,BTC,1d,76885,Recurring,79911,465,2430456.10457,0.5058329813167148
#8130,,,,0,,11577,982,2301277.99252,0.49832878120411156
#1211,priceBinary,BTC,1d,73674,Recurring,35129,287,2298887.14804,0.5671814270261039
#7781,,,,0,,7540,484,2162769.36249,0.6587030464190982
#301,priceBinary,BTC,1d,81182,Recurring,50707,576,2114912.30544,0.6577763247677835
#250,priceBinary,BTC,1d,80813,Recurring,45114,592,2094975.90073,0.7223418439952122
#1540,priceBinary,BTC,1d,63927,Recurring,47759,269,2089909.82836,0.3722080112648925
#1160,priceBinary,BTC,1d,72951,Recurring,25717,284,2076404.18292,0.6503137446047361
#10,priceBinary,BTC,1d,78213,Recurring,18428,1195,2061956.6401,0.6968958085522031
#751,priceBinary,BTC,1d,77793,Recurring,36615,348,2061007.36934,0.6198107734535027
#0,priceBinary,BTC,1d,78213,Recurring,27999,1668,2038295.91339,0.6260681092181863
#1591,priceBinary,BTC,1d,62290,Recurring,26175,460,2009384.98746,0.6368337658070679
#20,priceBinary,BTC,1d,79980,Recurring,21216,1069,2002175.03879,0.5481366581825038
#7510,,,,0,,6291,891,1961933.57342,0.7466167127642663
#1421,named,,,0,2026 NBA Finals champion,2554,266,1905144.80405,0.5548034651527016
#651,priceBinary,BTC,1d,76886,Recurring,43955,354,1900406.33654,0.5644242632237515
#8560,,,,0,,7509,408,1857586.46239,0.6239608496470901
#8551,,,,0,,3826,331,1857174.7165,0.5660096184004182
#1210,priceBinary,BTC,1d,73674,Recurring,33656,330,1825604.98078,0.449988177442358
#900,priceBinary,BTC,1d,76772,Recurring,32730,276,1822353.31726,0.6101952126489459
#650,priceBinary,BTC,1d,76886,Recurring,39368,459,1776907.97851,0.4720308303698435
#400,priceBinary,BTC,1d,79779,Recurring,37281,513,1775229.41152,0.7696754075802688
#30,priceBinary,BTC,1d,80930,Recurring,25347,980,1766823.24606,0.6561982447626938
#551,priceBinary,BTC,1d,78088,Recurring,56903,324,1741420.23826,0.6396495975607613
#700,priceBinary,BTC,1d,77169,Recurring,29365,455,1692542.1285,0.6304406759747999
#451,priceBinary,BTC,1d,80323,Recurring,58119,370,1631767.59512,0.714093372047007
#1721,named,,,0,Algeria,10592,27,1626830.78345,0.7526691984516616
#951,priceBinary,BTC,1d,77363,Recurring,30604,289,1620985.56222,0.5628320964579793
#8221,,,,0,,6113,690,1616148.33686,0.510059335841649
#7381,,,,0,,3733,424,1591867.6335,0.6309122448432896
#351,priceBinary,BTC,1d,80983,Recurring,29280,461,1590100.87767,0.7645990297131147
#1640,priceBinary,BTC,1d,60928,Recurring,34713,213,1564566.35636,0.4930461305562757
#1051,priceBinary,BTC,1d,76877,Recurring,20607,271,1554431.96704,0.5584657145630126
#7790,,,,0,,4509,551,1547227.58044,0.7630650742958528
#7880,,,,0,,7113,1468,1531574.2762,0.7938400140587657
#51,priceBinary,BTC,1d,81041,Recurring,17471,636,1502028.86641,0.651310495678553
#2200,,,,0,Outcome 220,17501,358,1497307.03435,0.6416017279012628
#1111,priceBinary,BTC,1d,75668,Recurring,23140,254,1488503.09971,0.6130614399308557
#2801,,,,0,,417,28,1488492.55474,0.7992263069544365
#1100,named,,,0,Champions League Winner,4737,656,1464298.0123,0.5753965041165294
#801,priceBinary,BTC,1d,77451,Recurring,15519,299,1463345.61079,0.6350911231393775
#750,priceBinary,BTC,1d,77793,Recurring,32760,433,1459212.81525,0.4008991800976801
#2250,,,,0,Outcome 225,18394,253,1446258.01945,0.6399910280526259
#4640,,,,0,,881,128,1445326.66368174,0.5824143698524404
#1491,,,,0,Outcome 149,27341,267,1432955.06838,0.6272313445009327
#1420,named,,,0,2026 NBA Finals champion,2723,345,1429059.21247,0.43672842085934627
#1641,priceBinary,BTC,1d,60928,Recurring,32634,189,1407535.90551,0.5157885260770976
#8220,,,,0,,6227,522,1404736.31049,0.5370978818050426
#6790,,,,0,,4523,439,1351716.75371,0.7589481207163388
#501,priceBinary,BTC,1d,78985,Recurring,35179,286,1336956.31794,0.8101063842064867
#201,priceBinary,BTC,1d,80657,Recurring,37014,483,1322140.68179,0.28047904819797914
#5451,,,,0,,32676,159,1304522.67014,0.572584235830579
#1041,named,,,0,June Fed rate change,2590,296,1297503.5653,0.9566346447876448
#901,priceBinary,BTC,1d,76772,Recurring,25920,213,1292416.31971,0.4527684486882716
#1311,priceBinary,BTC,1d,74032,Recurring,26340,285,1291992.82359,0.6903647892938496
#4010,,,,0,,28547,207,1289300.54849,0.6770473426279469
#41,priceBinary,BTC,1d,81287,Recurring,20603,775,1279224.6475,0.4448498670096588
#1161,priceBinary,BTC,1d,72951,Recurring,22926,214,1276177.7565,0.37332855927767594
#1,priceBinary,BTC,1d,78213,Recurring,23823,1068,1274528.38836,0.3833627011711372
#1781,named,,,0,Brazil,11825,120,1263350.89916,0.9221912422832981
#7371,,,,0,,4174,323,1259686.99919,0.6407004216578821
#150,priceBinary,BTC,1d,80354,Recurring,23714,544,1243082.27533,0.6917713565826094
#1901,named,,,0,Germany,3047,64,1240025.89529,0.9247112602559895
#7401,,,,0,,2862,308,1239695.08582,0.896431282320056
#6821,,,,0,,23838,154,1229977.66213,0.5858354530581424
#950,priceBinary,BTC,1d,77363,Recurring,29693,298,1227050.80098,0.4669596470548614
#4641,,,,0,,416,42,1212552.24571,0.49387685096153844
#1441,priceBinary,BTC,1d,70253,Recurring,13871,296,1211728.06154,0.6980198053492899
#2520,,,,0,,21031,1178,1180353.22413,0.6101891750273406
#100,priceBinary,BTC,1d,79583,Recurring,22899,572,1177282.13876,0.6936680907463207
#1880,named,,,0,England,27153,478,1163691.69878954,0.13891421236106508
#550,priceBinary,BTC,1d,78088,Recurring,45197,426,1124471.18829,0.4487454658495033
#1881,named,,,0,England,16121,166,1116220.83299,0.8145582997332672
#2021,named,,,0,Norway,3599,95,1097734.8813,0.9336095054181717
#5450,,,,0,,31657,152,1097290.74433,0.4473090299143949
#1361,priceBinary,BTC,1d,73336,Recurring,13005,275,1092787.89909,0.719147723952326
#5530,,,,0,,29191,150,1076197.60962,0.5399478486519818
#2650,,,,0,,22097,188,1075008.3785,0.6703125492148255
#6570,,,,0,,25606,158,1063780.13122,0.5440223490588143
#1050,priceBinary,BTC,1d,76877,Recurring,20461,283,1062801.05037,0.4589139724353648
#300,priceBinary,BTC,1d,81182,Recurring,37652,595,1049483.20806,0.35857583129714227
#701,priceBinary,BTC,1d,77169,Recurring,27017,307,1047785.53722,0.3788011118925121
#4860,,,,0,,1171,166,1037378.25928394,0.8350712865670367
#7391,,,,0,,4405,519,1020155.0178,0.44401647900113506
#1991,named,,,0,Morocco,1623,75,1016362.55121,0.951850776340111
#5531,,,,0,,26923,150,1013189.0305,0.5011123400066857
#21,priceBinary,BTC,1d,79980,Recurring,18473,943,1013073.28017,0.46800077464407513
#4091,,,,0,,20743,198,1002957.66417,0.6128334556235839
#6910,,,,0,,2411,293,1000826.66614,0.849532853587723
#2050,named,,,0,Portugal,21966,444,1000667.66954239,0.08373765755349176
#9530,,,,0,,24885,130,998606.90615,0.5358271653606591
#6740,,,,0,,2936,333,998059.5178,0.8559171185286103
#6811,,,,0,,4906,391,994782.7987,0.6072628475336322
#1590,priceBinary,BTC,1d,62290,Recurring,23735,206,985172.06736,0.3760948232567937
#6950,,,,0,,3247,433,966431.02979,0.780378614105328
#2251,,,,0,Outcome 225,18501,203,954979.907,0.3752120706988812
#4820,,,,0,,3075,1327,949729.74675511,0.7812541289268293
#6491,,,,0,,10456,132,945217.36459,0.6589530403596021
#40,priceBinary,BTC,1d,81287,Recurring,21651,858,936672.2162,0.5721084360999492
#6971,,,,0,,17300,152,933375.37059,0.524919263583815
#6571,,,,0,,23259,149,932385.96234,0.4817322898662883
#4171,,,,0,,15942,160,931615.77137,0.671000649855727
#1110,priceBinary,BTC,1d,75668,Recurring,23109,270,919805.7844,0.4085451624908044
#8550,,,,0,,4282,456,917735.55431,0.469162790751985
#9531,,,,0,,20854,127,909505.5312,0.5128021545027333
#6820,,,,0,,21975,152,908605.88382,0.4235998370875996
#4251,,,,0,,16213,168,897846.59308,0.6376613557022143
#2171,named,,,0,USA,927,80,854941.75297,0.9311781014023732
#251,priceBinary,BTC,1d,80813,Recurring,29192,490,847361.50592,0.30675704405316523
#7500,,,,0,,4658,978,836809.02634,0.5656565049377416
#1490,,,,0,Outcome 149,24619,266,828388.30913,0.38717830618627885
#6651,,,,0,,14906,127,820109.64963,0.4959454239903395
#6970,,,,0,,17475,155,820042.44154,0.4806929562231759
#4500,,,,0,,1710,458,817733.96845404,0.8548997678830409
#7521,,,,0,,2785,454,810202.43558,0.6878060861759426
#8561,,,,0,,6020,442,809441.0408,0.3781657873754153
#6930,,,,0,,3612,342,809322.35336,0.6436901854928018
#6120,,,,0,,3159,229,806463.56530846,0.6138548669420703
#6000,,,,0,,2371,285,805917.14811982,0.5356361742555883
#2521,,,,0,,21006,181,805341.6534,0.39928474626297245
#2201,,,,0,Outcome 220,17525,177,803520.64136,0.38869007360912977
#5611,,,,0,,15760,118,803281.34477,0.7793957874365481
#7210,,,,0,,15939,126,801803.74122,0.668949631720936
#31,priceBinary,BTC,1d,80930,Recurring,22165,805,797226.45692,0.3534808490863975
#7511,,,,0,,5097,363,793726.4161,0.2974207259172062
#8971,,,,0,,16822,157,792291.49992,0.5198111693021044
#6650,,,,0,,15449,142,789712.65175,0.5184859764386045
#7380,,,,0,,3966,405,787296.64203,0.37183441250630356
#7780,,,,0,,7777,718,781857.72272,0.3570891924906776
#6730,,,,0,,3338,404,768864.24939,0.8487766506890354
#3290,,,,0,,13963,167,768339.26057,0.5103083592351214
#9450,,,,0,,17070,143,767783.8495,0.6006367668424136
#1710,,,,0,Fallback,9993,42,764037.93166271,0.20446460811668168
#6411,,,,0,,14123,123,762200.37359,0.6524226226722367
#7390,,,,0,,5707,403,755327.1417,0.6176608796215174
#800,priceBinary,BTC,1d,77451,Recurring,14376,320,752166.87922,0.3833928846688926
#4900,,,,0,,1636,205,752146.98198813,0.6395970271699267
#6101,,,,0,,1647,68,747392.78799,0.7688054280510018
#7970,,,,0,,11748,151,741317.9351,0.5559736270003405
#2341,priceBinary,BTC,1d,63330,Recurring,8840,729,740307.23903,0.7316516990950226
#8391,,,,0,,17080,169,737746.68205,0.5682840521077284
#6940,,,,0,,6642,261,721939.62182,0.5216097274917193
#1700,named,,,0,NBA Finals Game 3,1046,167,711941.52105,0.5533628776290631
#7411,,,,0,,3928,902,706400.99761,0.7849322275967413
#2570,,,,0,,13775,220,702932.10407,0.6442383411978221
#4650,,,,0,,12812,145,701256.63763,0.6364600640024977
#4011,,,,0,,24064,183,695493.7635,0.3642523042719415
#4090,,,,0,,19925,234,686886.01619,0.4158569585947302
#1101,named,,,0,Champions League Winner,3309,391,684811.05434,0.44392724992444843
#11,priceBinary,BTC,1d,78213,Recurring,16967,851,684730.92761,0.30568466552719986
#1310,priceBinary,BTC,1d,74032,Recurring,21394,267,681568.70128,0.34533665840889965
#4730,,,,0,,13026,154,673422.1426,0.6093118232765239
#3380,,,,0,,2066,420,671133.40726246,0.6750774765101645
#7290,,,,0,,13714,136,670181.46103,0.6088216596179087
#50,priceBinary,BTC,1d,81041,Recurring,16819,627,660495.83659,0.37429100065402227
#8970,,,,0,,14832,164,644288.61008,0.49404658913160737
#8731,,,,0,,13277,112,643405.37761,0.5419145303909015
#6900,,,,0,,3320,1255,639673.93504,0.778113906626506
#7130,,,,0,,10458,1171,639505.65786,0.6040550133868808
#450,priceBinary,BTC,1d,80323,Recurring,40349,374,636163.30294,0.39086014126744156
#1260,priceBinary,BTC,1d,73569,Recurring,9270,256,627509.6045,0.6480634811218986
#4380,,,,0,,2227,362,625451.14837074,0.5575012721733273
#101,priceBinary,BTC,1d,79583,Recurring,18314,472,623573.28216,0.3263183318772524
#7700,,,,0,,10493,138,616707.44394,0.5632900123892118
#7801,,,,0,,7370,147,616542.67596,0.6649523731343283
#850,priceBinary,BTC,1d,74560,Recurring,9045,220,610697.77506,0.7565125129906025
#5981,,,,0,,568,73,609403.10168,0.6582981338028169
#6770,,,,0,,2065,235,606171.40599,0.8067831283292979
#151,priceBinary,BTC,1d,80354,Recurring,21349,400,603235.01738,0.32548439411682045
#8390,,,,0,,17432,165,601039.67506,0.4573080988985773
#3291,,,,0,,13840,145,598522.17693,0.5020155086705202
#7370,,,,0,,3949,422,595298.01418,0.4087841808052671
#7971,,,,0,,10083,120,594918.03258,0.48519243082415947
#8730,,,,0,,14140,147,590169.16115,0.4651023231966054
#4480,,,,0,,1059,155,584499.79202579,0.7461803586591124
#7701,,,,0,,10581,144,579509.69576,0.4861876004158397
#1720,named,,,0,Algeria,10103,47,576901.08108608,0.25985232966247646
#6941,,,,0,,6286,315,576817.64453,0.48918024021635376
#7620,,,,0,,6491,152,568794.59135,0.5718283993221384
#9610,,,,0,,9294,133,567876.49855,0.7011388089089735
#4821,,,,0,,1968,71,566996.48606,0.19024603658536585
#5060,,,,0,,1404,226,551460.03926498,0.7889904865669515
#350,priceBinary,BTC,1d,80983,Recurring,17776,480,548397.82958,0.3086726063231323
#9771,,,,0,,13620,1090,546501.44975,0.5445393678414097
#9770,,,,0,,13712,1106,545690.1625,0.5183854769544924
#4381,,,,0,,1318,86,541612.33178,0.4879642412746586
#5101,,,,0,,2945,95,539609.9239,0.28630233276740236
#8471,,,,0,,7945,1109,536766.42618,0.718095268722467
#9051,,,,0,,10868,123,531358.79964,0.6099696393080604
#7051,,,,0,,6491,125,528299.46937,0.7191270928978586
#4861,,,,0,,527,35,517992.1815,0.37462
#1440,priceBinary,BTC,1d,70253,Recurring,14255,216,517820.60081,0.3283996218870572
#5340,,,,0,,1610,265,516448.70398627,0.630179647863354
#2651,,,,0,,16587,177,514072.80759,0.35436762464580696
#5341,,,,0,,1111,73,513915.27839,0.410247398739874
#3180,,,,0,,866,399,510582.76843322,0.9082448229099307
#8810,,,,0,,9541,156,507905.40784,0.6989012220941201
#9371,,,,0,,10957,94,507158.88797,0.6367921730400657
#4461,,,,0,,213,33,497457.6039,0.7243075117370892
#9451,,,,0,,12463,112,495136.88862,0.4486596766428629
#3980,,,,0,,795,165,486882.42454531,0.7876899788930818
#5220,,,,0,,1931,245,485009.85804155,0.7014701708803729
#1701,named,,,0,NBA Finals Game 3,1012,138,484089.52467,0.47560653162055333
#9290,,,,0,,9000,114,483797.49774,0.60786036
#4250,,,,0,,14187,135,482930.95118,0.4264817403256502
#5301,,,,0,,168,35,480289.36329,0.8198351190476191
#5111,,,,0,,427,33,479230.62909,0.9143485011709601
#7621,,,,0,,6165,146,478519.17932,0.46360028386050284
#6960,,,,0,,2334,250,477386.78415,0.7412959597257927
#4170,,,,0,,13710,157,476010.85282,0.36241827716994895
#4901,,,,0,,653,62,468791.26739,0.46789969372128637
#9851,,,,0,,10920,1089,465247.62876,0.551479282967033
#401,priceBinary,BTC,1d,79779,Recurring,21471,410,464069.96091,0.3147226775650878
#6920,,,,0,,5169,214,461183.67118,0.6082702514993229
#5940,,,,0,,1885,197,455112.88641561,0.44245260778779844
#8141,,,,0,,7666,129,454076.81315,0.55999934646491
#2310,named,,,0,USA,2535,1175,444826.68745793,0.7168443429151874
#5441,,,,0,,84,15,442956.093,0.7208240476190476
#8051,,,,0,,7432,139,442930.31836,0.5429607938643702
#8231,,,,0,,4592,161,442039.93275,0.6698884973867596
#9131,,,,0,,8029,129,439790.18823,0.6151816353219579
#4420,,,,0,,652,83,438093.44531444,0.6808384508742331
#3941,,,,0,,843,66,437909.7834,0.774473784104389
#4651,,,,0,,11681,150,437117.00455,0.42246996147590105
#6061,,,,0,,340,55,436698.79572,0.734353205882353
#4501,,,,0,,869,48,434092.66304,0.3137047640966628
#8890,,,,0,,8741,136,433833.50877,0.7408352202265187
#8570,,,,0,,9591,130,432972.06154,0.6256169231571265
#6760,,,,0,,2721,356,432652.91847,0.7038263910327085
#8310,,,,0,,6219,130,431801.00844,0.7117894179128477
#6080,,,,0,,1459,200,431237.70339782,0.45423109414667584
#1360,priceBinary,BTC,1d,73336,Recurring,12331,227,430349.69263,0.29834885167464115
#7611,,,,0,,6620,382,428022.21608,0.23078360574018128
#4540,,,,0,,1484,230,426279.91459664,0.5629309747574124
#1690,named,,,0,NBA Finals Game 4,1084,137,425296.73895,0.6277192804428045
#5221,,,,0,,1267,67,418945.79311,0.3355404419889503
#7291,,,,0,,11627,105,415680.18303,0.4118685654081018
#2571,,,,0,,12383,162,415458.68556,0.3826632867641121
#1691,named,,,0,NBA Finals Game 4,1145,141,412529.7521,0.3997797991266375
#4541,,,,0,,841,77,405394.55184,0.48761859690844234
#5320,,,,0,,1172,222,400178.78397494,0.7108574031484641
#4621,,,,0,,268,42,399098.35682,0.7188365298507463
#3540,,,,0,,3425,317,397230.33159312,0.6314699970131388
#6751,,,,0,,1970,331,393052.58441,0.6656851421319797
#5000,,,,0,,1115,233,391858.07885883,0.6536363107713004
#8650,,,,0,,8223,115,391612.86405,0.5752711066520735
#6761,,,,0,,2469,211,391460.36044,0.32895370595382745
#6490,,,,0,,8620,129,388767.62556,0.41157994199535963
#8050,,,,0,,8625,138,388154.27739,0.5048469171014492
#7501,,,,0,,5230,431,387498.92572,0.48540080879541103
#7420,,,,0,,5841,111,386962.17275,0.6166914997431946
#2511,,,,0,,1495,733,386500.39758,0.7157220936454849
#4340,,,,0,,1218,258,386341.12458817,0.6348991867816092
#4421,,,,0,,330,45,384501.35905,0.44139660606060604
#4731,,,,0,,11081,129,384201.13637,0.4177317155491382
#7211,,,,0,,13386,105,383547.79401,0.3937269983564919
#8140,,,,0,,7671,117,383016.24515,0.4895927949419893
#5980,,,,0,,1262,90,377924.1068299,0.3388337051584786
#6801,,,,0,,1524,222,376317.97642,0.6850104133858268
#6040,,,,0,,804,91,376251.46288863,0.6629536766293533
#3860,,,,0,,2002,236,375095.95795359,0.6061885663336664
#5800,,,,0,,2200,144,374310.94093767,0.6975474173863636
#5781,,,,0,,1201,37,372419.42192,0.7820439467110741
#2510,,,,0,,1384,112,369208.54862,0.3578305274566474
#3440,,,,0,,869,194,367912.44860502,0.7552138430840046
#6931,,,,0,,3082,274,367384.35647,0.37847148280337445
#6021,,,,0,,289,34,366233.24696,0.9139082352941177
#2940,,,,0,,1349,271,364625.3361432,0.704254954166049
#6521,,,,0,,939,25,364313.15251,0.5518751863684771
#421,priceBucket,BTC,1d,0,Recurring Named Outcome,1622,178,361986.02833,0.9260565166461159
#5121,,,,0,,331,50,360521.23764,0.7629104833836858
#5941,,,,0,,973,79,360068.54357,0.5756742446043165
#3901,,,,0,,508,34,359478.3743,0.7535186811023622
#9850,,,,0,,9943,1100,355058.97459,0.4759234386000201
#4581,,,,0,,689,69,353041.3183,0.5079741509433963
#3381,,,,0,,1253,97,352381.01561,0.3542973343974461
#7131,,,,0,,10055,147,351997.21809,0.3987781710591745
#4341,,,,0,,648,55,348985.83927,0.4581637808641975
#4981,,,,0,,184,47,347809.29342,0.8023412499999999
#5381,,,,0,,155,33,344638.31954,0.7787409032258065
#3861,,,,0,,1422,72,342764.88911,0.6373724683544304
#7800,,,,0,,6836,142,340275.57269,0.32739072995904034
#3210,,,,0,,4857,137,340134.15303,0.7023837224624253
#4580,,,,0,,1280,163,339494.24556876,0.5775759504375
#6240,,,,0,,1471,210,336979.58836923,0.5814154994561522
#5140,,,,0,,1163,201,333129.14832512,0.6121603037317283
#7530,,,,0,,3723,114,332452.69161,0.6343181251678754
#5061,,,,0,,815,58,330684.96659,0.31884191411042945
#6410,,,,0,,10840,139,329463.09339,0.39273732656826565
#6360,,,,0,,1522,163,329207.08203402,0.6659119293758212
#3981,,,,0,,471,42,327253.89499,0.4105590021231422
#7881,,,,0,,7463,276,326548.67212,0.20751133190406001
#500,priceBinary,BTC,1d,78985,Recurring,19546,306,323798.30929,0.21556874143047172
#3541,,,,0,,3431,69,322057.15782,0.5747562605654328
#1011,named,,,0,Below 4.3%,6334,58,318677.39453,0.5618803868013893
#9691,,,,0,,5922,1085,317801.06584,0.7065594663964877
#1411,named,,,0,NBA Finals Game 2,1226,140,316786.27141,0.45934348287112564
#1581,,,,0,Outcome 158,1321,861,312532.53633,0.9213468962906889
#9930,,,,0,,6623,1080,310039.36939,0.5345481987014947
#2480,named,,,0,Mexico,1168,245,309553.20334005,0.7389948657619863
#7791,,,,0,,4041,319,308086.28263,0.24834738431081416
#6060,,,,0,,869,81,308024.4270252,0.5046313921288839
#5260,,,,0,,1191,167,306659.39439755,0.5385838451049538
#6341,,,,0,,142,40,306595.05404,0.8762506338028169
#6221,,,,0,,279,43,306154.74766,0.8288195340501792
#2020,named,,,0,Norway,14197,251,306124.51406332,0.0339449326090019
#6810,,,,0,,3812,254,305757.09346,0.4006572114375656
#3580,,,,0,,1570,216,304844.92172515,0.6059989149681528
#6100,,,,0,,2192,100,302958.28786999,0.25761185497262773
#6791,,,,0,,2725,354,302064.95184,0.3290613871559633
#5951,,,,0,,956,44,301427.57511,0.6689396966527197
#6301,,,,0,,257,38,300835.37279,0.6400328404669261
#5741,,,,0,,395,38,300235.53491,0.6226842784810126
#6181,,,,0,,212,34,298504.56954,0.407042641509434
#3920,,,,0,,1295,177,298461.16427745,0.6073796442007722
#5901,,,,0,,1529,57,295843.57278,0.7369979398299542
#6381,,,,0,,141,33,294432.0386,0.8806076595744681
#3421,,,,0,,156,21,294141.32951,0.7851381410256411
#2941,,,,0,,787,69,292259.57501,0.351090127064803
#9291,,,,0,,7991,86,290545.89654,0.42186262670504315
#1981,named,,,0,Mexico,412,42,290009.88315,0.8921911893203883
#9050,,,,0,,9041,150,289741.84604,0.4230163787191682
#6781,,,,0,,2315,212,287455.00208,0.550375606911447
#2001,named,,,0,Netherlands,1010,63,286536.78154,0.9456718217821782
#9370,,,,0,,8671,118,286396.06318,0.39425238380809596
#7890,,,,0,,3348,125,285967.20643,0.6602012066905615
#1261,priceBinary,BTC,1d,73569,Recurring,7591,182,280867.88948,0.3635272335660651
#5141,,,,0,,822,65,279972.15674,0.3999530048661801
#5950,,,,0,,1259,91,277654.54306999,0.4133147311517077
#5860,,,,0,,1215,156,276649.67322126,0.5715528310781893
#3460,,,,0,,1226,252,276179.22422737,0.669173139918434
#9931,,,,0,,6912,1081,275984.23639,0.4916508550347223
#3940,,,,0,,922,178,274312.4853067,0.3557652996854664
#3781,,,,0,,914,66,274293.25286,0.6255825929978118
#5610,,,,0,,10605,136,273760.67269,0.24433726826968413
#641,priceBucket,BTC,1d,0,Recurring Named Outcome,1806,964,273350.88175,0.9416382225913621
#1780,named,,,0,Brazil,18478,218,273307.33927856,0.06168533927481329
#6951,,,,0,,2589,212,272636.41804,0.2504683777520278
#6921,,,,0,,4868,145,270648.01286,0.40491193508627776
#780,priceBucket,BTC,1d,0,Recurring Named Outcome,4121,142,270337.24262467,0.6800011105411309
#5400,,,,0,,729,120,269773.3903352,0.5868791219067215
#7520,,,,0,,2356,377,268048.59207,0.3334546477079796
#2840,,,,0,,928,394,267336.78734174,0.7488006930603448
#1431,named,,,0,NBA Finals Game 1,1145,145,263081.61876,0.4354318777292576
#2781,,,,0,,940,77,260783.60138,0.5390849999999999
#5021,,,,0,,208,44,260352.27849,0.5952886538461539
#6031,,,,0,,504,23,259094.66708,0.7848359126984127
#9210,,,,0,,5551,114,256776.42998,0.56866613042695
#2340,priceBinary,BTC,1d,63330,Recurring,8669,192,254959.17686,0.28967581151228516
#5701,,,,0,,169,26,254763.02284,0.9192997633136095
#6180,,,,0,,325,66,254636.53757578,0.7050491281538461
#1811,named,,,0,Colombia,802,54,253528.24109,0.9124228802992519
#3780,,,,0,,1625,143,253086.01061968,0.47331960558769226
#5920,,,,0,,2613,218,251937.2198118,0.4316642293647148
#8571,,,,0,,7288,128,251173.02963,0.39820512760702526
#5720,,,,0,,778,88,250864.61680552,0.7419232429177377
#5990,,,,0,,1006,77,249875.80045676,0.2989658580417495
#9130,,,,0,,7639,131,248845.58062,0.4457488899070559
#5261,,,,0,,757,72,247749.89297,0.4996871598414795
#5180,,,,0,,854,129,247414.17991001,0.700961186498829
#6901,,,,0,,2620,156,245327.65856,0.20559390458015267
#8230,,,,0,,4796,146,244939.66611,0.34804195996663884
#5861,,,,0,,726,66,244303.82111,0.49925615702479337
#4941,,,,0,,269,38,243459.93202,0.7434695539033458
#5181,,,,0,,521,60,241666.2392,0.36944514395393474
#7050,,,,0,,6450,147,241663.97087,0.28937779689922477
#3500,,,,0,,1046,689,240896.317752,0.8796438240630975
#171,priceBucket,BTC,1d,0,Recurring Named Outcome,881,60,240895.50761,0.8852725085130533
#3711,,,,0,,102,20,237278.64101,0.8371583333333333
#8470,,,,0,,6672,129,236273.2753,0.2808063519184652
#3640,,,,0,,510,112,235356.10151166,0.702769607627451
#3581,,,,0,,1047,73,234526.98177,0.5717292454632282
#9611,,,,0,,6974,108,234116.32884,0.32989607112130775
#3700,,,,0,,368,91,233443.33980744,0.6750085230978261
#6780,,,,0,,2160,258,231924.07188,0.5638893425925926
#2780,,,,0,,1497,245,230964.93043742,0.4703770491716767
#5960,,,,0,,1245,74,230950.03263364,0.2662574074698795
#3181,,,,0,,532,33,229575.29561,0.20873697368421051
#1990,named,,,0,Morocco,11988,152,228707.29266721,0.02477802192692693
#6110,,,,0,,2115,85,227167.72022613,0.2431843270212766
#3741,,,,0,,272,58,226029.31437,0.5221461764705883
#441,priceBucket,BTC,1d,0,Recurring Named Outcome,2632,59,225941.26283,0.6896963943768997
#8651,,,,0,,5920,85,224498.48386,0.42248586824324325
#7410,,,,0,,2855,184,223137.96264,0.2576226690017513
#4960,,,,0,,960,107,222754.81449144,0.6427004441249999
#6261,,,,0,,367,50,220519.91268,0.6558527792915532
#1010,named,,,0,Below 4.3%,5186,158,219088.10322691,0.4737817643154647
#480,priceBucket,BTC,1d,0,Recurring Named Outcome,5039,191,218997.61851567,0.6979804157987696
#6141,,,,0,,165,19,218379.1937,0.6356424848484848
#9211,,,,0,,5673,78,216908.49399,0.45455173629472945
#3701,,,,0,,191,38,216031.0211,0.42342350785340316
#430,priceBucket,BTC,1d,0,Recurring Named Outcome,4441,179,214039.23636472,0.5988220082166179
#4550,,,,0,,527,95,213671.48937552,0.44726674220113855
#230,priceBucket,BTC,1d,0,Recurring Named Outcome,2612,182,213036.29252803,0.7635153061485451
#6750,,,,0,,2077,210,209056.89284,0.345492383245065
#391,priceBucket,BTC,1d,0,Recurring Named Outcome,1043,214,207981.17025,0.9699085043144774
#5300,,,,0,,240,34,207540.99921223,0.22858948570833335
#1900,named,,,0,Germany,12116,185,207387.075891,0.0421156401518653
#851,priceBinary,BTC,1d,74560,Recurring,6084,161,207135.96547,0.26501019888231425
#3621,,,,0,,487,426,205621.54201,0.9636540862422998
#5821,,,,0,,654,48,204495.97156,0.4989402293577982
#380,priceBucket,BTC,1d,0,Recurring Named Outcome,3223,173,203713.51861436,0.5409285320415762
#5961,,,,0,,421,44,203161.71772,0.7551668408551069
#5350,,,,0,,659,91,202472.38055223,0.44329580631259485
#1410,named,,,0,NBA Finals Game 2,1084,182,201649.30404,0.5615580258302583
#1661,priceBucket,BTC,1d,0,Recurring Named Outcome,1086,472,201601.58844,0.9223519797421731
#2311,named,,,0,USA,1820,72,200640.44867,0.28963307692307694
#2760,,,,0,,799,158,199276.67596787,0.6857332661076345
#6081,,,,0,,837,63,199153.81155,0.5525347789725209
#3550,,,,0,,2892,338,199113.47958789,0.3625478549135546
#5991,,,,0,,743,37,192426.73019,0.736311870794078
#6030,,,,0,,599,43,192314.67786771,0.26028952661101834
#6020,,,,0,,571,30,191124.85278714,0.17273170940455343
#2440,named,,,0,Korea Republic,1794,1146,190170.63046714,0.7660463841248606
#6961,,,,0,,1596,155,189041.92641,0.33923883458646614
#8811,,,,0,,6153,130,188926.37146,0.3503069380789859
#6090,,,,0,,1039,13,187851.91539229,0.30109079038498554
#3710,,,,0,,237,42,187023.0600507,0.23002300902953585
#3461,,,,0,,553,53,185948.94807,0.3618533453887884
#2821,,,,0,,130,25,185823.26844,0.8093916923076924
#4441,,,,0,,99,29,183366.09866,0.8580614141414142
#3101,,,,0,,126,26,182928.49374,0.6959990476190476
#4460,,,,0,,274,22,181846.59337666,0.28326695857664236
#2901,,,,0,,306,47,181677.82223,0.6004687581699346
#5750,,,,0,,943,95,180661.25716913,0.46071262978791094
#440,priceBucket,BTC,1d,0,Recurring Named Outcome,2944,124,180142.37054793,0.37575662538722826
#1761,named,,,0,Belgium,446,44,180056.22834,0.8804199551569507
#4830,,,,0,,651,50,179606.97980294,0.2619043005683564
#1760,named,,,0,Belgium,11119,91,179332.04840988,0.022237692253799804
#3141,,,,0,,150,24,178541.45186,0.518451
#3061,,,,0,,445,70,178204.83382,0.5581040224719102
#2481,named,,,0,Mexico,458,52,177954.04417,0.47292873362445415
#6300,,,,0,,482,95,177762.2898432,0.37785707435684646
#5040,,,,0,,1224,150,177563.7022837,0.48855757336601313
#7421,,,,0,,5116,116,177351.54173,0.3871988721657545
#6111,,,,0,,989,38,175553.19025,0.7794117391304348
#5970,,,,0,,341,11,174980.74868824,0.3137829886510264
#4590,,,,0,,748,90,173530.01156075,0.37054706286096256
#130,priceBucket,BTC,1d,0,Recurring Named Outcome,2048,196,172616.82602495,0.6882301477001953
#4360,,,,0,,859,75,172428.02151016,0.22596633982537837
#2000,named,,,0,Netherlands,10568,150,171562.05376402,0.03423560680734292
#4390,,,,0,,625,76,171556.01599363,0.338183060944
#7531,,,,0,,3358,105,171249.27196,0.3861813996426444
#6520,,,,0,,993,46,170688.4592,0.4117676837865055
#4870,,,,0,,313,27,170387.61281185,0.23297528095846648
#5820,,,,0,,943,125,170178.39155394,0.5197399327253447
#6010,,,,0,,255,9,169963.99887174,0.3225490167058823
#5310,,,,0,,319,52,169935.10049953,0.2573143569278997
#3740,,,,0,,538,124,167598.47947028,0.5308649937546468
#5910,,,,0,,1825,78,167336.53056336,0.36688206474520546
#3820,,,,0,,705,130,166794.67990478,0.5954798625957447
#8311,,,,0,,4452,116,166332.21678,0.28682688903863435
#1430,named,,,0,NBA Finals Game 1,1122,222,165428.02897,0.5890635026737968
#4350,,,,0,,740,55,164604.38408937,0.2441693053108108
#6400,,,,0,,471,53,164398.50764781,0.7428863267515924
#1961,named,,,0,Japan,1009,34,164306.31831,0.9814103369672943
#4840,,,,0,,583,54,162139.72893301,0.20862296106346484
#4561,,,,0,,224,44,161066.04131,0.7976937946428572
#3720,,,,0,,235,46,161035.48762198,0.18894843880851064
#4401,,,,0,,307,51,160986.27136,0.7428728664495114
#4620,,,,0,,471,61,160318.25925677,0.2994774024840764
#3800,,,,0,,1276,120,159868.35512436,0.26371236830721007
#580,priceBucket,BTC,1d,0,Recurring Named Outcome,2603,144,159630.94317453,0.6822279350941222
#3661,,,,0,,173,38,159098.94502,0.6351373410404624
#4980,,,,0,,285,38,158452.6793562,0.2297298359649123
#6121,,,,0,,1229,77,158160.98086,0.32929235150528885
#4920,,,,0,,519,49,157247.02080961,0.28656315279383426
#3140,,,,0,,524,98,156516.78665299,0.5871055915458016
#4400,,,,0,,557,56,155963.26803719,0.28169822208258527
#4601,,,,0,,232,37,155945.99226,0.7502323275862068
#3960,,,,0,,679,78,155635.79745324,0.46952922377025036
#4361,,,,0,,361,42,155106.26914,0.8530287534626039
#5921,,,,0,,1215,90,154695.61068,0.5360144526748971
#6070,,,,0,,590,73,154083.84087502,0.3596535138305085
#5900,,,,0,,1739,80,154018.08470666,0.34512847408280617
#4910,,,,0,,539,52,153684.6700009,0.2912326400927644
#3690,,,,0,,114,7,153654.83240006,0.31286549456140356
#5740,,,,0,,616,63,153108.14697556,0.358051352435065
#3900,,,,0,,649,33,153079.99462141,0.29593850001540833
#4810,,,,0,,255,12,152102.24884053,0.2947712400392157
#730,priceBucket,BTC,1d,0,Recurring Named Outcome,1705,115,152020.99858144,0.7110899660175953
#4880,,,,0,,264,23,151902.82325507,0.21123419041666666
#4850,,,,0,,180,12,151163.41551043,0.3115740716111111
#5290,,,,0,,117,12,150531.41572335,0.2941595423931624
#5780,,,,0,,1204,23,150503.40237526,0.25621367928571426
#2170,named,,,0,USA,11400,165,149443.74691895,0.028446035392982457
#2741,,,,0,,212,24,148834.12757,0.8486547641509433
#2981,,,,0,,284,49,148229.20219,0.5137749647887324
#5230,,,,0,,508,64,147838.33496075,0.29939263767716534
#6310,,,,0,,348,58,147693.36051453,0.46092240379310345
#1080,priceBucket,BTC,1d,0,Recurring Named Outcome,3147,115,147414.98396735,0.6552577392310136
#2141,named,,,0,Switzerland,724,23,146969.16455,0.9488416436464089
#3120,,,,0,,602,100,146821.62437091,0.4958625413621262
#6150,,,,0,,316,55,146122.01576645,0.5026266031329114
#7891,,,,0,,2987,115,145760.04944,0.34831763977234687
#4511,,,,0,,147,12,145079.20051,0.8519638775510204
#471,priceBucket,BTC,1d,0,Recurring Named Outcome,3166,55,144969.75451,0.7827562413139608
#2140,named,,,0,Switzerland,11322,68,144545.84526072,0.017361279360537007
#1481,priceBucket,BTC,1d,0,Recurring Named Outcome,955,28,144357.57243,0.8449669633507854
#4470,,,,0,,275,27,142499.23492971,0.2816775872363636
#4510,,,,0,,492,37,141648.12100459,0.22073016134146342
#6741,,,,0,,1979,129,141627.3611,0.17286949974734714
#4431,,,,0,,76,19,139488.24119,0.6865321052631579
#6001,,,,0,,1168,80,139147.07999,0.44633520547945205
#4430,,,,0,,288,54,138897.32569464,0.3094384834375
#841,priceBucket,BTC,1d,0,Recurring Named Outcome,1831,1033,138409.50138,0.9734797433096668
#4520,,,,0,,496,37,137719.53243713,0.20484223657258063
#4330,,,,0,,395,10,137436.99910885,0.31308016625316454
#4890,,,,0,,203,10,137263.49906932,0.30582922600985224
#3801,,,,0,,499,51,136683.58268,0.8274896392785571
#6731,,,,0,,2722,288,136329.39419,0.17332405951506247
#2900,,,,0,,638,110,135846.80389085,0.45926528191222576
#2750,,,,0,,363,54,135259.02728883,0.3526480522589532
#2790,,,,0,,806,61,134708.14504123,0.34974340289081884
#381,priceBucket,BTC,1d,0,Recurring Named Outcome,2513,57,133775.58951,0.4901745881416633
#3880,,,,0,,1436,63,133338.45064771,0.24381076469359333
#6771,,,,0,,1774,178,133191.75471,0.20586333709131904
#3420,,,,0,,345,34,132912.24385721,0.2069270235652174
#2401,named,,,0,Canada,543,69,132504.74707,0.6434132228360958
#80,priceBucket,BTC,1d,0,Recurring Named Outcome,2748,270,132291.41963706,0.6617322085262008
#7400,,,,0,,2202,205,132094.65979,0.11743291553133516
#5240,,,,0,,374,45,131824.24503652,0.19661773596256685
#5711,,,,0,,196,16,131471.68106,0.8171251530612245
#8891,,,,0,,5220,116,130876.54614,0.2810119233716475
#3881,,,,0,,202,47,130298.998,0.8492510396039604
#3060,,,,0,,748,141,130093.11287595,0.485686065026738
#3790,,,,0,,1115,75,129995.72356556,0.3140571349775785
#371,priceBucket,BTC,1d,0,Recurring Named Outcome,1763,73,129817.4028,0.6453904651162791
#280,priceBucket,BTC,1d,0,Recurring Named Outcome,1915,157,129128.87682637,0.7807546542454308
#2441,named,,,0,Korea Republic,1421,47,128919.88521,0.19371244897959186
#2410,named,,,0,Draw,795,90,128658.92802965,0.3810768841761006
#5380,,,,0,,210,29,128264.41121563,0.2683937615714286
#4940,,,,0,,422,41,128255.04473118,0.29352298537914695
#6320,,,,0,,323,45,127744.78564617,0.3161964183900929
#2321,named,,,0,Draw,375,26,127632.37114,0.7724133333333333
#4990,,,,0,,345,45,127377.42396861,0.31517604800000004
#3211,,,,0,,4210,109,126770.40484,0.3066029358669834
#4490,,,,0,,292,12,126688.74903288,0.31563926678082194
#3501,,,,0,,891,47,125837.37964,0.11548776655443323
#5760,,,,0,,605,91,125686.69492933,0.3403889251404959
#5790,,,,0,,1213,44,125596.93368143,0.2282576902967848
#4521,,,,0,,189,34,125506.82037,0.9014288888888888
#6260,,,,0,,580,104,125351.97705334,0.35435178129310346
#4600,,,,0,,544,63,124524.00018515,0.23440597375
#521,priceBucket,BTC,1d,0,Recurring Named Outcome,1336,65,123945.34742,0.856927365269461
#330,priceBucket,BTC,1d,0,Recurring Named Outcome,1376,158,123382.62140031,0.7714075143386627
#3191,,,,0,,50,17,122979.75286,0.7906676
#630,priceBucket,BTC,1d,0,Recurring Named Outcome,2091,124,122920.14568741,0.6854259024533715
#3821,,,,0,,357,45,122917.92643,0.46813498599439773
#6220,,,,0,,371,43,122667.2677506,0.2348404575471698
#4440,,,,0,,229,35,122070.00944378,0.15228215379912663
#5360,,,,0,,411,45,121619.10372012,0.18836152389294403
#3870,,,,0,,1394,55,120969.4717154,0.2638862683787661
#3910,,,,0,,596,36,120321.84444324,0.2985183824664429
#6190,,,,0,,214,33,119890.61715084,0.2309479123364486
#4370,,,,0,,178,9,119733.33258578,0.3024344548314607
#5210,,,,0,,75,9,119579.99923941,0.27888888773333337
#5020,,,,0,,375,49,118928.63870619,0.40169583064000003
#6340,,,,0,,184,25,118758.55117136,0.19002514434782608
#370,priceBucket,BTC,1d,0,Recurring Named Outcome,2594,143,118183.18107547,0.40103562916730917
#4551,,,,0,,210,30,118130.21501,0.5974856666666667
#2400,named,,,0,Canada,953,179,118025.12835203,0.4167550293074502
#3070,,,,0,,241,60,117838.29877386,0.4691801795850622
#1810,named,,,0,Colombia,11128,87,117736.14302861,0.026233270347771388
#5870,,,,0,,599,75,116896.13627625,0.35589693893155255
#4970,,,,0,,104,10,116820.74925682,0.291666665
#2980,,,,0,,627,153,116455.20096556,0.5151374747049442
#2950,,,,0,,321,62,116267.51441884,0.3863035092834891
#721,priceBucket,BTC,1d,0,Recurring Named Outcome,2161,1041,116262.36071,0.9261101018047201
#5330,,,,0,,197,11,116004.74907931,0.3087986440101523
#291,priceBucket,BTC,1d,0,Recurring Named Outcome,657,37,115633.00595,0.8446005175038053
#6270,,,,0,,632,58,115612.8523702,0.4735400631803797
#5070,,,,0,,704,44,115608.47297489,0.14374502316761364
#180,priceBucket,BTC,1d,0,Recurring Named Outcome,1888,163,115373.87424303,0.8027882201006356
#5270,,,,0,,900,105,115183.74403697,0.3215283476333334
#121,priceBucket,BTC,1d,0,Recurring Named Outcome,752,66,115068.73769,0.888963789893617
#4450,,,,0,,91,9,114451.99922608,0.30128204923076923
#141,priceBucket,BTC,1d,0,Recurring Named Outcome,992,44,114316.90369,0.84581875
#771,priceBucket,BTC,1d,0,Recurring Named Outcome,3618,53,114001.21193,0.8018720950801548
#3950,,,,0,,504,49,113877.82637652,0.29927581291666666
#6241,,,,0,,897,50,113606.64834,0.4189379264214047
#541,priceBucket,BTC,1d,0,Recurring Named Outcome,1463,956,113390.79061,0.9920861722488039
#4950,,,,0,,726,62,113272.30304654,0.37582294265840216
#6441,,,,0,,926,27,112897.85749,0.4915385745140389
#5930,,,,0,,386,10,112645.33249962,0.3201640731865285
#621,priceBucket,BTC,1d,0,Recurring Named Outcome,1859,50,112071.52047,0.8289969338353953
#4560,,,,0,,472,59,111840.55240988,0.2312790320338983
#491,priceBucket,BTC,1d,0,Recurring Named Outcome,1748,942,111725.52006,0.962151109839817
#9690,,,,0,,4685,1102,111692.72096,0.3191099146211313
#3961,,,,0,,244,36,111686.52809,0.6408277049180329
#5770,,,,0,,602,11,111594.74925718,0.3239202628239203
#4630,,,,0,,400,54,111466.99079795,0.30067130792499996
#6140,,,,0,,272,48,111331.11356961,0.3704073158088235
#2880,,,,0,,592,123,110397.81658435,0.4851132539020271
#4351,,,,0,,274,26,109593.71884,0.8538867518248175
#6380,,,,0,,173,27,108462.68565037,0.17596633861271677
#571,priceBucket,BTC,1d,0,Recurring Named Outcome,2265,60,108164.43609,0.8241853156732891
#5281,,,,0,,346,43,107709.57777,0.7624724855491329
#591,priceBucket,BTC,1d,0,Recurring Named Outcome,1799,1041,107424.11464,0.9545366481378544
#91,priceBucket,BTC,1d,0,Recurring Named Outcome,875,67,107266.64683,0.9171159200000001
#2800,,,,0,,947,100,106708.88485883,0.26770471934530093
#5080,,,,0,,303,33,105919.69899473,0.19982562016501648
#5050,,,,0,,191,12,105843.7492623,0.31369982293193716
#3430,,,,0,,383,38,105729.44387437,0.23394798906005224
#3660,,,,0,,334,87,105494.1980681,0.46503507976047903
#271,priceBucket,BTC,1d,0,Recurring Named Outcome,528,54,105371.67517,0.9342871401515151
#6071,,,,0,,340,32,104533.32671,0.6724469411764705
#680,priceBucket,BTC,1d,0,Recurring Named Outcome,849,99,104201.01634068,0.7290017150883392
#6800,,,,0,,1328,146,103952.85116,0.3356792168674699
#3850,,,,0,,675,10,103708.16598335,0.3237037007555556
#4631,,,,0,,198,27,103630.75397,0.7042634343434344
#2861,,,,0,,215,24,103184.5601,0.7202518139534884
#4391,,,,0,,238,29,103071.99421,0.6598468067226891
#5911,,,,0,,486,43,102966.9692,0.6025720781893004
#3890,,,,0,,291,8,102893.58266605,0.32016036374570445
#431,priceBucket,BTC,1d,0,Recurring Named Outcome,2648,46,102886.83116,0.44638603474320243
#4410,,,,0,,58,10,102131.58254143,0.3031609174137931
#6230,,,,0,,822,44,101874.35220745,0.37479759105839416
#6350,,,,0,,283,44,101851.4879131,0.2691182564310954
#6200,,,,0,,161,25,101843.97112662,0.15757763906832298
#4591,,,,0,,212,32,101323.00753,0.554293679245283
#6151,,,,0,,191,27,100850.45468,0.5355989528795811
#221,priceBucket,BTC,1d,0,Recurring Named Outcome,602,54,100457.86864,0.9300145514950166
#5280,,,,0,,682,84,99816.60648886,0.286104647228739
#5030,,,,0,,551,54,99785.99439045,0.3575326919963702
#3770,,,,0,,658,7,99593.4992448,0.31572948065349543
#5641,,,,0,,353,14,99067.53087,0.7899209065155808
#5201,,,,0,,140,35,98929.79037,0.8538235714285715
#3410,,,,0,,149,7,96862.2493433,0.31319910261744965
#5390,,,,0,,326,39,96849.39055561,0.34918618588957057
#5150,,,,0,,351,45,96725.79324803,0.3208138268660969
#3930,,,,0,,235,8,96708.08265323,0.30531914672340427
#5881,,,,0,,250,35,96466.2408,0.76995824
#6161,,,,0,,118,22,96325.73037,0.7559006779661017
#4000,,,,0,,302,24,95777.83347069,0.17463045125827817
#4871,,,,0,,87,17,95377.43717,0.812251264367816
#1290,priceBucket,BTC,1d,0,Recurring Named Outcome,949,76,95194.57793899,0.7056209932665964
#6050,,,,0,,185,9,94963.16591902,0.2986486467027027
#6431,,,,0,,127,15,94801.70854,0.6803039370078741
#6170,,,,0,,54,8,94246.91604662,0.3009259238888889
#4930,,,,0,,160,11,93729.16609458,0.31041666425000003
#3750,,,,0,,290,62,93313.44644001,0.5009304135172414
#6280,,,,0,,516,37,92761.08042094,0.41580471534883723
#3990,,,,0,,329,29,92451.26375928,0.2051491680851064
#6290,,,,0,,116,10,92451.24944195,0.3038793081896552
#5190,,,,0,,281,44,92001.94611055,0.27979163654804273
#2910,,,,0,,330,53,91709.24160242,0.3877721914242424
#3560,,,,0,,2460,56,91445.63573745,0.19727470040650408
#6911,,,,0,,1793,150,91059.28293,0.17547112102621304
#5880,,,,0,,473,50,90927.19054067,0.25150496050739957
#6440,,,,0,,865,46,90818.12706,0.5148116069364163
#6390,,,,0,,160,26,90726.2966068,0.211624520375
#5200,,,,0,,241,35,90018.86886088,0.20217125792531118
#5791,,,,0,,239,24,89571.43337,0.7810246861924686
#3400,,,,0,,406,61,89531.59951863,0.19339556586206896
#7240,,,,0,,360,22,89431.67705,0.7778257222222222
#3970,,,,0,,155,6,88556.83265264,0.31989247032258067
#71,priceBucket,BTC,1d,0,Recurring Named Outcome,1384,108,88482.17593,0.7887384248554914
#6330,,,,0,,78,8,87857.58280424,0.3076923053846154
#5871,,,,0,,422,37,87690.82245,0.6605994075829383
#5751,,,,0,,707,50,87554.01098,0.5643382319660537
#9081,,,,0,,284,29,86590.5758,0.6989291901408451
#921,priceBucket,BTC,1d,0,Recurring Named Outcome,2193,49,86409.46475,0.824921340629275
#1071,priceBucket,BTC,1d,0,Recurring Named Outcome,2323,45,86078.20116,0.7653433491175204
#890,priceBucket,BTC,1d,0,Recurring Named Outcome,1356,70,86025.94344398,0.49120000443215334
#191,priceBucket,BTC,1d,0,Recurring Named Outcome,890,41,85946.28216,0.877739202247191
#5231,,,,0,,377,27,85913.15681,0.6828005835543767
#7150,,,,0,,493,17,85828.22189,0.6404675456389453
#791,priceBucket,BTC,1d,0,Recurring Named Outcome,2066,353,85594.05344,0.897661045498548
#6191,,,,0,,127,18,85583.72681,0.7450211023622046
#3020,,,,0,,200,55,85413.39209315,0.45311299995
#5730,,,,0,,157,9,84701.16614701,0.300424626433121
#5841,,,,0,,169,38,84697.89327,0.6992431360946746
#6160,,,,0,,244,46,84662.73899074,0.2613264338934426
#5160,,,,0,,253,34,84493.95533843,0.20357184391304348
#321,priceBucket,BTC,1d,0,Recurring Named Outcome,836,64,84312.14847,0.8113580502392345
#4570,,,,0,,151,12,84211.99942233,0.30794701754966886
#930,priceBucket,BTC,1d,0,Recurring Named Outcome,2226,69,83759.08139496,0.6542073979469901
#6351,,,,0,,214,25,83661.69272,0.7431776168224299
#3791,,,,0,,474,30,83578.84856,0.7764390717299579
#481,priceBucket,BTC,1d,0,Recurring Named Outcome,2672,42,82957.68357,0.2946337761976048
#3530,,,,0,,1194,9,82811.99943423,0.3283779979815745
#941,priceBucket,BTC,1d,0,Recurring Named Outcome,1040,44,82770.48769,0.8668785192307693
#5311,,,,0,,185,26,82628.7846,0.7488327567567569
#4530,,,,0,,128,12,82606.33280602,0.30208333125
#2761,,,,0,,498,41,82248.48014,0.33146734939759037
#1980,named,,,0,Mexico,10866,90,82019.32170582,0.023107937522547396
#5830,,,,0,,306,43,81911.1649738,0.3521425488235294
#1281,priceBucket,BTC,1d,0,Recurring Named Outcome,451,21,81868.50426,0.9627738802660755
#820,priceBucket,BTC,1d,0,Recurring Named Outcome,2216,72,80946.56745511,0.3569703592870036
#5831,,,,0,,255,31,80249.77642,0.6721369803921569
#5370,,,,0,,59,9,80238.58265822,0.3064971728813559
#821,priceBucket,BTC,1d,0,Recurring Named Outcome,1955,55,80088.834,0.7391194271099745
#2330,named,,,0,Paraguay,814,61,79988.82757923,0.27209937633906633
#6590,,,,0,,365,16,79337.63624,0.8890670136986301
#5700,,,,0,,275,18,78842.29300898,0.18186412018181816
#6391,,,,0,,99,20,78242.16886,0.8244524242424243
#5170,,,,0,,89,10,78151.41618072,0.30149812528089887
#5130,,,,0,,102,10,77907.08284079,0.2933006518627451
#4471,,,,0,,98,9,77619.29352,0.6734567346938776
#6201,,,,0,,110,26,77506.01702,0.9161980909090909
#3951,,,,0,,263,24,77465.51984,0.769115855513308
#5840,,,,0,,290,35,77154.99410774,0.31817495344827584
#3390,,,,0,,418,75,76850.32286121,0.255536139784689
#6041,,,,0,,317,26,76641.20754,0.31177876971608837
#231,priceBucket,BTC,1d,0,Recurring Named Outcome,1503,41,76587.2041,0.2732785296074518
#6231,,,,0,,669,33,76466.35037,0.626050553064275
#6361,,,,0,,1082,44,76462.11325,0.38467310536044363
#6370,,,,0,,58,8,76322.41618749,0.30603448051724136
#5560,,,,0,,923,38,75367.68141,0.5902209100758397
#4001,,,,0,,87,23,74701.14352,0.949665632183908
#5710,,,,0,,258,26,74492.40014846,0.2506851543410853
#830,priceBucket,BTC,1d,0,Recurring Named Outcome,2255,118,74311.16279997,0.5751994832195122
#3600,,,,0,,919,60,74301.47989376,0.22493237828073992
#3590,,,,0,,914,72,73871.13578813,0.2738052870021882
#5250,,,,0,,300,14,73738.49950169,0.31388888633333334
#9640,,,,0,,290,30,73121.88522,0.7974623793103449
#3841,,,,0,,142,34,72741.02325,0.8692599295774648
#3100,,,,0,,254,56,72691.53586605,0.2850725457480315
#5010,,,,0,,91,8,71748.91617517,0.3076923053846154
#6980,,,,0,,544,36,71680.73615,0.6844819852941176
#1460,priceBucket,BTC,1d,0,Recurring Named Outcome,2353,78,71549.6469265,0.619136721835954
#1031,named,,,0,Above 4.3%,1181,93,71282.35725,0.738963734123624
#4610,,,,0,,108,11,70777.91618323,0.2986111091666666
#241,priceBucket,BTC,1d,0,Recurring Named Outcome,954,50,70387.43972,0.8013496960167715
#1960,named,,,0,Japan,9924,97,70364.60937713,0.018943916371422814
#530,priceBucket,BTC,1d,0,Recurring Named Outcome,1632,117,69978.92780759,0.721353767867647
#5761,,,,0,,338,38,69906.85887,0.6556062721893491
#3721,,,,0,,108,23,69717.39091,0.8966876851851852
#5890,,,,0,,729,13,68944.33282591,0.3199588449382716
#1870,named,,,0,Egypt,10669,54,68777.29886526,0.01466814000937295
#6321,,,,0,,170,37,68676.89752,0.7016155882352941
#2860,,,,0,,349,51,68610.97820724,0.38215934979942695
#2930,,,,0,,111,6,68251.49941957,0.314564561981982
#7230,,,,0,,333,13,68016.96717,0.8217057957957958
#2331,named,,,0,Paraguay,347,39,67946.07731,0.8290418731988473
#5401,,,,0,,427,44,67895.84102,0.4249422014051522
#741,priceBucket,BTC,1d,0,Recurring Named Outcome,663,36,67587.12295,0.9169813725490197
#1251,priceBucket,BTC,1d,0,Recurring Named Outcome,919,39,67400.76944,0.9204891730141458
#5850,,,,0,,175,9,66936.91623909,0.30952380714285715
#871,priceBucket,BTC,1d,0,Recurring Named Outcome,999,37,66703.08281,0.8775332632632632
#3370,,,,0,,149,7,66154.24942615,0.30816554577181204
#3620,,,,0,,568,25,66009.41128701,0.06404651985915492
#470,priceBucket,BTC,1d,0,Recurring Named Outcome,2523,90,65369.4309,0.26595753830757035
#6311,,,,0,,201,28,65028.2524,0.589407960199005
#2961,,,,0,,84,19,64892.49022,0.8748732142857143
#3080,,,,0,,394,79,64837.02020641,0.23891197106598985
#1301,priceBucket,BTC,1d,0,Recurring Named Outcome,258,28,64655.34475,0.9061762403100776
#1380,priceBucket,BTC,1d,0,Recurring Named Outcome,1274,80,64654.51766888,0.5689690579356358
#2960,,,,0,,189,20,64509.6135771,0.21193292650793652
#7081,,,,0,,597,36,64271.13901,0.71318013400335
#6271,,,,0,,513,30,63703.45094,0.559459902534113
#2420,named,,,0,Bosnia and Herzegovina,756,94,63634.8843328,0.28557868543650794
#2770,,,,0,,417,8,63123.24947374,0.3131494778896883
#8921,,,,0,,162,23,63076.53838,0.767691049382716
#5241,,,,0,,221,37,63012.65815,0.8183867873303168
#2990,,,,0,,392,75,62855.66415157,0.4766830525510204
#5041,,,,0,,782,54,62845.3702,0.517685358056266
#5001,,,,0,,602,53,62825.27556,0.35286662790697676
#4281,,,,0,,965,302,62779.02169,0.8425724870466321
#1471,priceBucket,BTC,1d,0,Recurring Named Outcome,1161,41,62447.80949,0.6809566580534022
#3110,,,,0,,257,50,62355.59105154,0.42159849509727626
#6210,,,,0,,155,10,61960.16613364,0.3064516106451613
#3470,,,,0,,490,35,61808.74295207,0.2961933124489796
#2300,,,,0,Fallback,509,12,61388.08279941,0.3128683668369352
#3670,,,,0,,224,39,61291.00005503,0.3463241514732143
#2820,,,,0,,173,29,61235.55716961,0.2617714059537572
#4201,,,,0,,460,50,60956.14517,0.6415693478260869
#5690,,,,0,,150,9,60331.33293148,0.3172222195333333
#5031,,,,0,,421,29,60170.37496,0.6594836104513064
#3401,,,,0,,192,44,60117.64849,0.8763616145833333
#7000,,,,0,,342,35,60036.89103,0.7424540350877192
#6681,,,,0,,412,21,59759.36436,0.73029
#1340,priceBucket,BTC,1d,0,Recurring Named Outcome,933,87,59585.57041007,0.7529698099571276
#3680,,,,0,,195,33,59225.88728805,0.2999442217948718
#2461,named,,,0,Czechia,131,26,59052.42504,0.6812701526717557
#980,priceBucket,BTC,1d,0,Recurring Named Outcome,1328,81,58936.13147748,0.7255742914834338
#1140,priceBucket,BTC,1d,0,Recurring Named Outcome,1641,93,58728.70567763,0.6682032576965266
#1570,priceBucket,BTC,1d,0,Recurring Named Outcome,1527,83,58485.99165124,0.5860857055533727
#3320,,,,0,,258,187,58187.97555,0.8728569379844962
#1091,priceBucket,BTC,1d,0,Recurring Named Outcome,1281,35,58103.51356,0.8250602810304449
#3630,,,,0,,266,38,58028.84320111,0.26809779417293234
#1181,priceBucket,BTC,1d,0,Recurring Named Outcome,832,141,57960.088,0.918350625
#5271,,,,0,,604,44,57882.99011,0.7046928807947019
#4191,,,,0,,441,16,57297.71677,0.6018621995464852
#8680,,,,0,,271,25,57138.17395,0.8106560516605167
#6250,,,,0,,102,11,56841.83297224,0.3071895401960784
#6281,,,,0,,377,35,56785.68568,0.5588131564986738
#3570,,,,0,,391,7,56511.99956352,0.3205456067263427
#3021,,,,0,,72,23,56447.45932,0.6468634722222223
#1391,priceBucket,BTC,1d,0,Recurring Named Outcome,1069,48,56223.48019,0.657506978484565
#341,priceBucket,BTC,1d,0,Recurring Named Outcome,329,42,55109.18713,0.9397200303951367
#2740,,,,0,,336,27,55004.5347021,0.21699355080357144
#70,priceBucket,BTC,1d,0,Recurring Named Outcome,2312,207,54673.75941809,0.2485760908650519
#2320,named,,,0,Draw,775,46,54646.81978166,0.3122554655612903
#691,priceBucket,BTC,1d,0,Recurring Named Outcome,709,429,54485.06911,0.966900394922426
#2791,,,,0,,444,19,54175.49665,0.7225886936936937
#81,priceBucket,BTC,1d,0,Recurring Named Outcome,1762,87,54101.06687,0.36474518728717364
#5561,,,,0,,849,36,53689.52834,0.41034756183745585
#1351,priceBucket,BTC,1d,0,Recurring Named Outcome,402,37,53602.63193,0.8988898258706467
#5801,,,,0,,675,34,53584.31054,0.24450597037037036
#7320,,,,0,,192,27,53568.83655,0.77094421875
#4481,,,,0,,263,33,53464.01487,0.3186877566539924
#3480,,,,0,,460,28,52861.40164816,0.21220902773913045
#4961,,,,0,,297,40,52813.67795,0.45482074074074075
#240,priceBucket,BTC,1d,0,Recurring Named Outcome,1557,96,52715.6510905,0.22305845384714193
#5071,,,,0,,514,316,52636.35474,0.9112646303501946
#3190,,,,0,,211,27,52310.24834279,0.1701096830805687
#8840,,,,0,,255,36,52218.78162,0.7237988235294118
#671,priceBucket,BTC,1d,0,Recurring Named Outcome,585,53,52191.41968,0.876095641025641
#6130,,,,0,,61,8,51858.0829984,0.3128415275409836
#3200,,,,0,,197,30,51842.43376193,0.19372898370558375
#131,priceBucket,BTC,1d,0,Recurring Named Outcome,1133,58,51481.92757,0.33270151809355697
#1631,priceBucket,BTC,1d,0,Recurring Named Outcome,651,25,51436.84724,0.8651998003072198
#1130,priceBucket,BTC,1d,0,Recurring Named Outcome,1598,279,50858.26865128,0.36575404435544434
#2450,named,,,0,Draw,471,46,50696.99722608,0.3567688670912951
#2500,named,,,0,South Africa,406,39,50505.1056507,0.1978520186453202
#5810,,,,0,,81,6,50363.24968774,0.30144032716049385
#2881,,,,0,,403,46,50347.13335,0.5251154094292804
#971,priceBucket,BTC,1d,0,Recurring Named Outcome,1162,31,50220.60159,0.8735314027538726
#3650,,,,0,,37,8,50178.49968059,0.3108108083783784
#6600,,,,0,,409,28,49961.52784,0.6911065525672372
#281,priceBucket,BTC,1d,0,Recurring Named Outcome,1054,46,49690.33363,0.2550997058823529
#1190,priceBucket,BTC,1d,0,Recurring Named Outcome,769,88,49625.33003881,0.7166641
#4680,,,,0,,333,39,49558.60463,0.701419009009009
#3840,,,,0,,320,42,49523.53146238,0.2173705824375
#1621,,,,0,Outcome 162,801,38,49230.21847,0.6764873033707864
#1231,priceBucket,BTC,1d,0,Recurring Named Outcome,639,31,48677.53217,0.8976043505477308
#1610,,,,0,Outcome 161,1153,57,48626.9258535,0.5585472329921943
#1521,priceBucket,BTC,1d,0,Recurring Named Outcome,386,41,48613.71496,0.5751856476683938
#3170,,,,0,,71,8,48217.58285397,0.3274647856338028
#991,priceBucket,BTC,1d,0,Recurring Named Outcome,921,166,47966.73891,0.9257949945711184
#1401,priceBucket,BTC,1d,0,Recurring Named Outcome,382,24,47861.2032,0.8612810471204189
#1021,named,,,0,Exactly 4.3%,1195,61,47762.68956,0.5769675732217574
#581,priceBucket,BTC,1d,0,Recurring Named Outcome,1255,31,47583.27702,0.3023842788844622
#1131,priceBucket,BTC,1d,0,Recurring Named Outcome,1553,41,47555.30535,0.6880170637475854
#3830,,,,0,,327,49,47487.97220336,0.29930904100917427
#3150,,,,0,,235,24,47363.85006518,0.2321262975319149
#881,priceBucket,BTC,1d,0,Recurring Named Outcome,999,33,47317.14468,0.6139191191191191
#6511,,,,0,,169,19,47125.0025,0.8009115384615385
#3610,,,,0,,78,7,47117.83299989,0.28952991294871794
#3450,,,,0,,238,6,46972.9162588,0.31652660798319326
#2830,,,,0,,184,28,46871.88934339,0.2701119374456522
#3160,,,,0,,220,29,46200.54963517,0.24290751477272726
#2411,named,,,0,Draw,239,14,45743.76095,0.6467095815899582
#4951,,,,0,,456,20,45653.14108,0.5899637280701754
#2951,,,,0,,162,21,45617.72101,0.6094490123456789
#4181,,,,0,,241,13,45377.03178,0.7309792531120332
#3561,,,,0,,148,32,45350.162,0.8709125
#1240,priceBucket,BTC,1d,0,Recurring Named Outcome,1093,75,45328.99419918,0.7452654584903934
#7680,,,,0,,190,24,45317.64179,0.7242563684210527
#7941,,,,0,,266,15,45304.47861,0.9260132330827068
#5191,,,,0,,159,23,44903.20791,0.7135770440251572
#3350,,,,0,,917,33,44471.96886762,0.6543141473391494
#831,priceBucket,BTC,1d,0,Recurring Named Outcome,1137,38,44158.30768,0.3967838698328936
#781,priceBucket,BTC,1d,0,Recurring Named Outcome,1332,32,44058.52134,0.24739786036036035
#2390,,,,0,Fallback,264,8,43625.91629224,0.31123737128787876
#181,priceBucket,BTC,1d,0,Recurring Named Outcome,1180,36,43130.39981,0.23148072881355933
#5440,,,,0,,163,33,43066.86655363,0.2892048662576687
#4841,,,,0,,225,36,42826.49509,0.8238987555555556
#570,priceBucket,BTC,1d,0,Recurring Named Outcome,1880,59,42785.73199896,0.245052281393617
#9721,,,,0,,103,15,42621.56383,0.677612427184466
#1331,priceBucket,BTC,1d,0,Recurring Named Outcome,817,33,42577.39299,0.8671147980416156
#140,priceBucket,BTC,1d,0,Recurring Named Outcome,1459,121,42449.27664107,0.21490705668951338
#3510,,,,0,,159,34,42439.75004232,0.24377280861635223
#2040,named,,,0,Paraguay,10264,49,42292.30337058,0.01126605118862042
#2460,named,,,0,Czechia,454,60,42017.05686316,0.3069358654625551
#2920,,,,0,,334,46,41702.54200829,0.27911812320359286
#3391,,,,0,,169,26,41685.10366,0.8037338461538461
#2730,,,,0,,192,9,41641.9996394,0.3155381918229167
#1531,priceBucket,BTC,1d,0,Recurring Named Outcome,580,36,41591.48076,0.9161314137931035
#2490,named,,,0,Draw,376,33,41559.02162065,0.2789172509574468
#1201,priceBucket,BTC,1d,0,Recurring Named Outcome,599,29,41471.28913,0.9042797495826378
#4921,,,,0,,191,41,41449.7604,0.7478791623036649
#3520,,,,0,,122,19,41314.21107874,0.2052716931147541
#6990,,,,0,,246,15,41277.78086,0.7554583739837398
#1830,named,,,0,Croatia,10312,49,41249.18237393,0.012096421263576415
#5120,,,,0,,816,55,41194.51995876,0.2550621152696078
#3760,,,,0,,179,27,41165.81056001,0.20937759731843575
#4761,,,,0,,622,22,41126.75433,0.5241066720257235
#2810,,,,0,,89,5,41070.49960237,0.31367040943820224
#1790,named,,,0,Canada,10098,43,41003.37601058,0.011822108278867103
#770,priceBucket,BTC,1d,0,Recurring Named Outcome,3347,45,40838.32279122,0.25071737564087243
#4831,,,,0,,262,25,40753.9217,0.7512843893129771
#1151,priceBucket,BTC,1d,0,Recurring Named Outcome,546,26,40516.62623,0.9190717216117216
#3090,,,,0,,50,6,40371.99960425,0.3099999976
#2160,named,,,0,Turkey,6666,47,40307.34511058,0.017990274437443745
#4221,,,,0,,161,21,40296.53235,0.66474049689441
#1950,named,,,0,Ivory Coast,9546,42,40271.43241725,0.012612852091975697
#5481,,,,0,,371,20,39997.05023,0.7333161994609165
#2870,,,,0,,312,37,39971.44766435,0.2924109176602564
#1750,named,,,0,Austria,9969,43,39936.11235725,0.012134980045139934
#1390,priceBucket,BTC,1d,0,Recurring Named Outcome,1564,89,39758.21205638,0.41718270830562665
#1800,named,,,0,Cape Verde,10085,46,39581.90083725,0.011796483497273177
#3871,,,,0,,136,22,39574.70417,0.8039089705882353
#891,priceBucket,BTC,1d,0,Recurring Named Outcome,744,39,38959.58391,0.5662790994623655
#2180,named,,,0,Uruguay,7440,42,38914.34582058,0.015786020080645162
#1801,named,,,0,Cape Verde,98,15,38811.76797,0.9556319387755101
#3000,,,,0,,249,54,38770.13069157,0.23581412289156628
#3490,,,,0,,55,7,38673.66642653,0.3030303009090909
#5420,,,,0,,158,27,38652.14784042,0.42802253139240504
#3810,,,,0,,154,6,38277.83307526,0.3106060581818182
#1910,named,,,0,Ghana,10205,40,38215.32512725,0.011489853608035276
#2090,named,,,0,Senegal,9738,49,38193.70930058,0.012736009385910865
#420,priceBucket,BTC,1d,0,Recurring Named Outcome,1429,59,38167.99062145,0.2007176244016795
#4911,,,,0,,211,24,37976.02883,0.7413698104265404
#3130,,,,0,,36,8,37739.58296167,0.31712962694444446
#3551,,,,0,,475,26,37620.47971,0.2733192
#1381,priceBucket,BTC,1d,0,Recurring Named Outcome,1227,36,37600.43763,0.5136343683781581
#880,priceBucket,BTC,1d,0,Recurring Named Outcome,1446,65,37578.07735065,0.4624499257814661
#2110,named,,,0,South Korea,7759,42,37531.29640058,0.01485892633071272
#1860,named,,,0,Ecuador,9549,42,37382.56782058,0.01265953810870248
#1740,named,,,0,Australia,10185,44,37335.36321058,0.011863638625429553
#1770,named,,,0,Bosnia and Herzegovina,9644,40,36829.5024506,0.011911685269597677
#2130,named,,,0,Sweden,9549,39,36825.84029058,0.012384973232799246
#1930,named,,,0,Iran,7496,37,36763.22086725,0.015323066444770543
#2470,,,,0,Fallback,153,7,36744.1663007,0.3202614350980392
#1850,named,,,0,Czechia,7003,38,36559.26560058,0.016107625217763814
#2080,named,,,0,Scotland,8986,39,36547.13141058,0.012598591075005564
#2070,named,,,0,Saudi Arabia,7390,38,36523.07591058,0.0152338700135318
#2100,named,,,0,South Africa,7735,37,36519.65880398,0.01461678639172592
#2030,named,,,0,Panama,6987,37,36518.32614058,0.016070037126091313
#1970,named,,,0,Jordan,6981,35,36514.37994058,0.01607468978656353
#2150,named,,,0,Tunisia,6612,37,36512.99549058,0.01697540523290986
#2190,named,,,0,Uzbekistan,7008,38,36506.63708058,0.01612015545091324
#1820,named,,,0,Congo DR,9522,36,36503.79782725,0.01201330561541693
#2060,named,,,0,Qatar,6644,36,36503.35998058,0.01694565012040939
#1940,named,,,0,Iraq,6999,38,36502.65475725,0.016147523370481497
#1920,named,,,0,Haiti,6565,34,36500.31408058,0.017146827022086825
#1840,named,,,0,Curacao,6993,36,36499.25011725,0.0161541064021164
#2010,named,,,0,New Zealand,7346,36,36498.96790058,0.01527237127688538
#3471,,,,0,,282,15,36389.6865,0.7671302482269503
#290,priceBucket,BTC,1d,0,Recurring Named Outcome,1040,78,36330.25718041,0.20926098017307693
#4701,,,,0,,190,15,36284.12099,0.8144544210526315
#3730,,,,0,,57,6,35955.41640515,0.290935670877193
#5321,,,,0,,641,52,35868.48726,0.278479968798752
#8361,,,,0,,345,11,35867.85001,0.9756296231884057
#2421,named,,,0,Bosnia and Herzegovina,322,47,35726.2769,0.7571333229813665
#9401,,,,0,,88,12,35679.85843,0.7130742045454546
#3921,,,,0,,493,49,35488.66558,0.3262957200811359
#3761,,,,0,,77,30,35321.98093,0.8356905194805194
#4030,,,,0,,109,19,35117.2015,0.7479177064220184
#3040,,,,0,,268,67,34667.11200734,0.36621631824626866
#5361,,,,0,,211,34,34597.06755,0.8865809004739337
#410,priceBucket,BTC,1d,0,Recurring Fallback,911,8,34595.08310205,0.31083058666300767
#5351,,,,0,,327,28,34495.98783,0.5913018348623854
#5721,,,,0,,370,24,34319.13564,0.27107367567567564
#1141,priceBucket,BTC,1d,0,Recurring Named Outcome,761,38,34318.37102,0.3527641787122207
#360,priceBucket,BTC,1d,0,Recurring Fallback,720,8,34257.24975502,0.3127314789722222
#4760,,,,0,,687,47,34234.56565,0.4825772052401746
#3441,,,,0,,407,44,34193.59836,0.17258626535626537
#6501,,,,0,,526,17,34147.86148,0.8839356844106464
#8151,,,,0,,284,26,34057.17222,0.5358010211267605
#2850,,,,0,,183,5,33993.33304797,0.31602914125683057
#3270,,,,0,,549,30,33846.69507373,0.6533100359198543
#790,priceBucket,BTC,1d,0,Recurring Named Outcome,3243,33,33544.81187639,0.19343536332099906
#9830,,,,0,,46,19,33451.63274666,0.8571101447826087
#3991,,,,0,,93,14,33381.07551,0.8277637634408601
#1681,priceBucket,BTC,1d,0,Recurring Named Outcome,326,27,33041.11681,0.8846082822085889
#6710,,,,0,,330,24,32757.94933733,0.8954322524545455
#2710,,,,0,,363,29,32751.1993635,0.6156830937741047
#631,priceBucket,BTC,1d,0,Recurring Named Outcome,970,25,32729.91672,0.2832413711340206
#1871,named,,,0,Egypt,290,11,32579.75951,0.8991166551724138
#4040,,,,0,,397,155,32154.40128,0.7213007304785893
#3601,,,,0,,192,34,32063.84021,0.8657050520833334
#3081,,,,0,,141,34,32001.9757,0.7932439007092199
#3050,,,,0,,33,6,31879.16635811,0.30555555333333334
#220,priceBucket,BTC,1d,0,Recurring Named Outcome,812,67,31550.91926989,0.1388244451724138
#390,priceBucket,BTC,1d,0,Recurring Named Outcome,1164,35,31447.71411021,0.1581951794587629
#1561,priceBucket,BTC,1d,0,Recurring Named Outcome,838,35,31246.17486,0.7541580668257757
#1620,,,,0,Outcome 162,1101,59,30987.16638208,0.3539982011353315
#1461,priceBucket,BTC,1d,0,Recurring Named Outcome,2027,36,30974.89463,0.5788429008386778
#1300,priceBucket,BTC,1d,0,Recurring Named Outcome,498,33,30807.62235962,0.2157625286746988
#8121,,,,0,,678,5,30805.42654,0.9707604277286136
#731,priceBucket,BTC,1d,0,Recurring Named Outcome,701,33,30753.14451,0.1881965335235378
#740,priceBucket,BTC,1d,0,Recurring Named Outcome,1121,48,30646.67366695,0.1976089789295272
#120,priceBucket,BTC,1d,0,Recurring Named Outcome,1088,93,30428.4155145,0.2062323061764706
#1070,priceBucket,BTC,1d,0,Recurring Named Outcome,2246,61,30421.77790894,0.29163593190560994
#3591,,,,0,,216,34,30247.553,0.7800818055555555
#4321,,,,0,,366,15,30232.05682,0.9451588797814208
#590,priceBucket,BTC,1d,0,Recurring Named Outcome,2400,55,30203.50206007,0.11498140906250001
#9561,,,,0,,222,17,30038.049,0.6695635585585585
#6850,,,,0,,372,44,29944.19184,0.5578081720430107
#2241,,,,0,Outcome 224,524,27,29928.76509,0.7468835114503817
#6840,,,,0,,332,19,29725.1672,0.6242005421686747
#4150,,,,0,,241,38,29554.71356369,0.7123350895435685
#620,priceBucket,BTC,1d,0,Recurring Named Outcome,1619,49,29457.31149265,0.21895472483631873
#90,priceBucket,BTC,1d,0,Recurring Named Outcome,1217,118,29422.02662107,0.1836442280443714
#5421,,,,0,,136,18,29389.30299,0.658922205882353
#1670,,,,0,Outcome 167,558,64,29189.14885841,0.6206748319892473
#2271,,,,0,Outcome 227,398,31,29182.30647,0.882815904522613
#2970,,,,0,,32,5,29096.58304435,0.3124999975
#190,priceBucket,BTC,1d,0,Recurring Named Outcome,1032,89,29026.31837986,0.1697547604748062
#320,priceBucket,BTC,1d,0,Recurring Named Outcome,1042,79,28936.67161513,0.21887971176583493
#3261,,,,0,,470,22,28934.42106,0.9427941063829787
#1081,priceBucket,BTC,1d,0,Recurring Named Outcome,1703,45,28884.12227,0.28517581327069874
#560,priceBucket,BTC,1d,0,Recurring Fallback,784,7,28734.41647178,0.31664540549744896
#6981,,,,0,,520,21,28343.22519,0.35350048076923074
#7151,,,,0,,423,26,28323.83716,0.36571347517730496
#8200,,,,0,,343,26,28266.16868,0.9089251603498542
#8021,,,,0,,80,7,28100.54833,0.9076128750000001
#940,priceBucket,BTC,1d,0,Recurring Named Outcome,1979,47,28036.02617811,0.20921684579585648
#60,priceBucket,BTC,1d,0,Recurring Fallback,653,14,27845.08312811,0.3143185272894334
#2871,,,,0,,121,14,27543.78817,0.8005504958677685
#1020,named,,,0,Exactly 4.3%,3584,104,27507.05479849,0.36808875464843754
#2701,,,,0,,195,21,27383.62325,0.8701493333333334
#2381,priceBucket,BTC,1d,0,Recurring Named Outcome,305,18,27378.34755,0.9515703606557376
#2890,,,,0,,99,6,27073.16641078,0.311447808989899
#7760,,,,0,,248,28,26970.37038,0.7779435080645162
#170,priceBucket,BTC,1d,0,Recurring Named Outcome,932,76,26861.24999993,0.1729587548283262
#2921,,,,0,,99,20,26597.99779,0.7510023232323233
#8710,,,,0,,613,18,26509.30968,0.9518665905383361
#5151,,,,0,,187,22,26486.65413,0.6736353475935829
#760,priceBucket,BTC,1d,0,Recurring Fallback,1447,6,26423.33315614,0.31283114238424325
#2430,,,,0,Fallback,157,8,26284.49975319,0.32112526254777074
#8400,,,,0,,265,36,26268.59423,0.6407170566037735
#3641,,,,0,,186,37,26144.88601,0.2581660752688172
#331,priceBucket,BTC,1d,0,Recurring Named Outcome,668,34,26129.76946,0.29493752994011974
#9310,,,,0,,114,23,26000.40822,0.7487391228070176
#3361,,,,0,,627,20,25720.3712,0.7810499681020734
#2371,priceBucket,BTC,1d,0,Recurring Named Outcome,200,22,25690.51287,0.64517845
#2841,,,,0,,441,29,25664.35643,0.19993809523809525
#4740,,,,0,,322,22,25663.20758,0.5492077950310559
#3360,,,,0,,978,31,25643.47318409,0.318600916605317
#110,priceBucket,BTC,1d,0,Recurring Fallback,574,7,25421.24981526,0.3083623670034843
#8781,,,,0,,67,6,25420.8049,0.9071937313432835
#2291,,,,0,Outcome 229,279,18,25068.09877,0.7273992473118279
#1520,priceBucket,BTC,1d,0,Recurring Named Outcome,723,73,25029.453288,0.4393689758229599
#1040,named,,,0,June Fed rate change,1087,216,25021.35922,0.06856996320147195
#920,priceBucket,BTC,1d,0,Recurring Named Outcome,2021,47,24795.62407885,0.2334862029886195
#1571,priceBucket,BTC,1d,0,Recurring Named Outcome,740,35,24708.59044,0.36542766216216216
#1230,priceBucket,BTC,1d,0,Recurring Named Outcome,742,36,24431.66157198,0.17957894812668465
#2611,,,,0,,422,25,24326.08302,0.8077709478672986
#2451,named,,,0,Draw,242,29,24199.92655,0.6827308264462809
#8450,,,,0,,529,27,24141.25339,0.9230570321361059
#981,priceBucket,BTC,1d,0,Recurring Named Outcome,601,34,23987.56082,0.21288312811980034
#6851,,,,0,,388,25,23838.47212,0.4581071134020619
#3281,,,,0,,424,14,23818.86399,0.8723520754716981
#4190,,,,0,,436,26,23807.34366,0.3885989220183486
#520,priceBucket,BTC,1d,0,Recurring Named Outcome,1270,71,23537.88473823,0.21062239572440947
#2751,,,,0,,163,22,23511.79539,0.6912176687116565
#5460,,,,0,,570,24,23260.01107,0.4916391228070176
#1470,priceBucket,BTC,1d,0,Recurring Named Outcome,2351,70,23166.6854182,0.29742978373883455
#840,priceBucket,BTC,1d,0,Recurring Named Outcome,2595,37,23066.36460074,0.10317424845472062
#5081,,,,0,,97,29,22996.43456,0.9533043298969072
#720,priceBucket,BTC,1d,0,Recurring Named Outcome,2061,33,22990.45980797,0.1140960470354197
#1090,priceBucket,BTC,1d,0,Recurring Named Outcome,2075,42,22949.34945871,0.21737783712771086
#3481,,,,0,,83,19,22883.64417,0.8935487951807229
#8320,,,,0,,427,24,22762.75778,0.7403445901639344
#270,priceBucket,BTC,1d,0,Recurring Named Outcome,641,56,22628.6743338,0.15199055575663026
#2561,,,,0,,340,26,22615.6254,0.6639832647058823
#710,priceBucket,BTC,1d,0,Recurring Fallback,606,4,22594.99983318,0.31091858942244227
#490,priceBucket,BTC,1d,0,Recurring Named Outcome,2076,43,22584.55756603,0.11243846592485549
#4881,,,,0,,61,20,22523.22676,0.9469772131147541
#2600,,,,0,,454,42,22488.71892083,0.7135719233920705
#2221,,,,0,Outcome 222,498,26,22376.21192,0.864501827309237
#4141,,,,0,,97,16,22348.92587,0.8589271134020618
#9320,,,,0,,145,26,22293.34773,0.6257048275862068
#8501,,,,0,,149,24,22287.83161,0.7101934228187919
#2721,,,,0,,343,18,22262.23333,0.847764693877551
#810,priceBucket,BTC,1d,0,Recurring Fallback,776,7,22256.41651291,0.3211984507603093
#7241,,,,0,,362,21,22140.94229,0.23217762430939226
#5461,,,,0,,547,24,22073.9307,0.5163996526508227
#6561,,,,0,,202,10,21986.71432,0.9753768811881188
#7161,,,,0,,232,29,21839.04761,0.7294156465517242
#460,priceBucket,BTC,1d,0,Recurring Fallback,693,7,21566.16652085,0.31697931430014425
#5581,,,,0,,84,14,21531.36157,0.8960041666666666
#210,priceBucket,BTC,1d,0,Recurring Fallback,280,3,21463.99980921,0.3193452353214286
#4020,,,,0,,63,19,21440.06939,0.7575866666666667
#2560,,,,0,,560,47,21362.13814996,0.37123324371428573
#9161,,,,0,,217,28,21338.08156,0.5494352995391705
#7021,,,,0,,67,11,20999.85278,0.8195325373134328
#7860,,,,0,,318,35,20990.25489,0.8250229559748428
#7060,,,,0,,320,30,20988.97764,0.47683340625000004
#3351,,,,0,,498,20,20980.79533,0.32459628514056227
#4660,,,,0,,398,28,20897.98446,0.6076922864321608
#8901,,,,0,,228,27,20796.24413,0.5655724561403509
#1611,,,,0,Outcome 161,690,26,20777.06035,0.5336708985507246
#640,priceBucket,BTC,1d,0,Recurring Named Outcome,2208,41,20756.55471792,0.11276126754528985
#7071,,,,0,,285,23,20704.66673,0.6082130175438597
#3121,,,,0,,213,40,20633.36653,0.5134060093896714
#7471,,,,0,,433,9,20632.04106,0.9843129561200924
#5551,,,,0,,262,14,20474.54657,0.5429467175572519
#4261,,,,0,,243,21,20451.36451,0.5450729629629629
#531,priceBucket,BTC,1d,0,Recurring Named Outcome,684,29,20270.62959,0.31581372807017544
#6401,,,,0,,132,25,20250.31136,0.36433166666666666
#931,priceBucket,BTC,1d,0,Recurring Named Outcome,639,27,20228.69564,0.2848782316118936
#5621,,,,0,,380,15,20133.63627,0.8960866315789474
#1030,named,,,0,Above 4.3%,3328,71,20056.60185506,0.27853204625
#3511,,,,0,,62,16,19989.05157,0.757283064516129
#2550,,,,0,,509,47,19907.94292996,0.5791056119449902
#1291,priceBucket,BTC,1d,0,Recurring Named Outcome,400,27,19904.00663,0.256565075
#7070,,,,0,,318,22,19837.55458,0.4216972012578616
#7341,,,,0,,159,9,19761.92778,0.9831991823899371
#910,priceBucket,BTC,1d,0,Recurring Fallback,856,8,19721.41652596,0.31960669503504674
#1270,priceBucket,BTC,1d,0,Recurring Fallback,291,6,19719.66650661,0.32187857673539516
#7671,,,,0,,166,10,19629.23945,0.8060192168674699
#8060,,,,0,,322,27,19496.04626,0.6130480434782608
#8161,,,,0,,305,31,19425.96521,0.44853711475409835
#8761,,,,0,,183,17,19401.81009,0.5823237158469946
#970,priceBucket,BTC,1d,0,Recurring Named Outcome,1096,38,19317.64293227,0.18971005136861313
#7691,,,,0,,123,10,19311.76592,0.8012439024390243
#1241,priceBucket,BTC,1d,0,Recurring Named Outcome,561,27,19255.45094,0.2684754010695187
#4301,,,,0,,191,23,19230.92512,0.6363941884816754
#260,priceBucket,BTC,1d,0,Recurring Fallback,290,7,19173.16651029,0.31465516982758623
#7140,,,,0,,315,20,19139.06052,0.6383400317460317
#1510,priceBucket,BTC,1d,0,Recurring Named Outcome,516,56,19116.81943951,0.4333474028100775
#160,priceBucket,BTC,1d,0,Recurring Fallback,285,4,19115.91651141,0.3146198804561403
#1250,priceBucket,BTC,1d,0,Recurring Named Outcome,949,39,19094.68666478,0.1472308108113804
#681,priceBucket,BTC,1d,0,Recurring Named Outcome,304,24,19083.61046,0.2973632894736842
#2230,,,,0,Outcome 223,440,61,19042.75265838,0.5474782796818182
#9641,,,,0,,239,16,19041.00401,0.24315786610878662
#1560,priceBucket,BTC,1d,0,Recurring Named Outcome,902,46,18974.57963982,0.3351551438691796
#6830,,,,0,,526,26,18971.74195,0.5155111026615969
#6641,,,,0,,151,16,18581.83839,0.881542251655629
#8101,,,,0,,480,7,18526.50567,0.9846207291666667
#4310,,,,0,,281,42,18448.46197725,0.5656541514590748
#7080,,,,0,,576,29,18402.12826,0.2889963541666667
#3030,,,,0,,115,34,18401.79532739,0.4241143474782609
#3151,,,,0,,103,15,18375.38416,0.8312907766990292
#6871,,,,0,,91,14,18294.77998,0.8239928571428572
#2620,,,,0,,331,38,18168.83777,0.7931326586102718
#670,priceBucket,BTC,1d,0,Recurring Named Outcome,624,41,18156.93836085,0.20158497269230768
#7451,,,,0,,304,20,18155.29747,0.6599797368421052
#990,priceBucket,BTC,1d,0,Recurring Named Outcome,1191,40,18018.36733085,0.15533260487825357
#1951,named,,,0,Ivory Coast,50,10,17990.41639,0.9554107999999999
#6630,,,,0,,120,20,17977.82357318,0.7925574441666666
#2280,,,,0,Outcome 228,350,50,17666.38393354,0.5679507328857143
#8601,,,,0,,296,25,17598.00989,0.3658571283783784
#6601,,,,0,,409,20,17474.17773,0.30385163814180927
#1511,priceBucket,BTC,1d,0,Recurring Named Outcome,457,29,17392.89805,0.6588319912472649
#7640,,,,0,,237,19,17375.52817,0.6265458649789029
#8641,,,,0,,173,10,17186.93182,0.7236863005780347
#7181,,,,0,,244,11,17115.73351,0.9543448360655737
#1791,named,,,0,Canada,55,8,17112.59341,0.9167658181818181
#3341,,,,0,,231,15,17067.90451,0.7886263203463204
#7200,,,,0,,110,11,17065.3712875,0.5150915150909091
#1060,priceBucket,BTC,1d,0,Recurring Fallback,814,7,17056.4998875,0.29412366735872236
#8600,,,,0,,297,29,17008.40466,0.650390404040404
#3271,,,,0,,266,15,17000.09352,0.4129201879699248
#7811,,,,0,,235,23,16903.29974,0.6676115319148936
#8080,,,,0,,473,28,16876.26052,0.6315688583509514
#7430,,,,0,,184,28,16730.01371,0.6383102173913043
#4271,,,,0,,264,17,16532.23222,0.5668562121212121
#1630,priceBucket,BTC,1d,0,Recurring Named Outcome,812,30,16350.07315208,0.1969492850369458
#540,priceBucket,BTC,1d,0,Recurring Named Outcome,1574,24,16335.25962222,0.07679432391994917
#4741,,,,0,,277,19,16332.39442,0.4597238989169675
#7721,,,,0,,314,19,16312.50662,0.5287531847133758
#1911,named,,,0,Ghana,1331,9,16304.02215,0.9968931179564238
#2711,,,,0,,192,17,16260.0122,0.3658079166666666
#510,priceBucket,BTC,1d,0,Recurring Fallback,483,6,16224.41655902,0.31262939708074533
#1191,priceBucket,BTC,1d,0,Recurring Named Outcome,463,35,16156.23803,0.2575903455723542
#4991,,,,0,,180,21,16119.06797,0.6639124444444444
#4661,,,,0,,372,16,16117.36645,0.4051305376344086
#4311,,,,0,,195,18,16107.37419,0.43521769230769236
#8801,,,,0,,93,6,16081.09859,0.9704822580645162
#7900,,,,0,,262,27,15991.44142,0.5029304580152671
#7650,,,,0,,486,40,15772.77121,0.5839617283950618
#4230,,,,0,,215,29,15732.25239926,0.5695182167441861
#2911,,,,0,,87,11,15723.49951,0.6976247126436782
#1200,priceBucket,BTC,1d,0,Recurring Named Outcome,719,38,15680.22677839,0.15747831186369957
#9460,,,,0,,135,20,15561.17185,0.6875868148148148
#6880,,,,0,,250,35,15538.58223656,0.7443618266400001
#4710,,,,0,,194,30,15414.59178301,0.6911836251030928
#6831,,,,0,,463,16,15292.50962,0.48794887688984884
#3631,,,,0,,123,24,15284.70493,0.7271860162601625
#4300,,,,0,,223,33,15249.95525894,0.3940712552466368
#7901,,,,0,,268,15,15241.46907,0.49882007462686573
#2041,named,,,0,Paraguay,13,3,15047.52029,0.8451746153846155
#4120,,,,0,,218,58,15041.90544,0.7741884862385321
#6671,,,,0,,211,15,15039.50225,0.5619041706161138
#870,priceBucket,BTC,1d,0,Recurring Named Outcome,1070,30,15035.55306185,0.17543393741121496
#9110,,,,0,,93,24,15018.77454461,0.8027814334408602
#2501,named,,,0,South Africa,96,30,15014.94856,0.8417934374999999
#4100,,,,0,,162,24,14980.70853,0.7655443827160494
#7061,,,,0,,317,20,14968.13486,0.5661243217665615
#9740,,,,0,,75,16,14937.85046,0.6183157333333333
#8630,,,,0,,194,24,14905.3185666,0.7647866666494845
#8421,,,,0,,226,32,14869.55934,0.628176017699115
#3831,,,,0,,133,19,14832.58448,0.7491763909774436
#7361,,,,0,,183,11,14823.10244,0.7989843715846994
#1220,priceBucket,BTC,1d,0,Recurring Fallback,308,6,14807.83323297,0.313582248538961
#7310,,,,0,,189,21,14757.11164,0.7230499470899471
#8371,,,,0,,205,8,14713.50316,0.7851139024390245
#6680,,,,0,,339,27,14709.89046,0.2910743657817109
#1180,priceBucket,BTC,1d,0,Recurring Named Outcome,822,26,14656.42304268,0.13165236779805353
#5161,,,,0,,112,31,14648.36508,0.8461905357142857
#7711,,,,0,,225,15,14576.23175,0.5306417333333333
#690,priceBucket,BTC,1d,0,Recurring Named Outcome,869,33,14554.77887293,0.105283463141542
#8660,,,,0,,295,16,14481.69973,0.6046456271186441
#1280,priceBucket,BTC,1d,0,Recurring Named Outcome,384,26,14475.74970461,0.12948289002604166
#5681,,,,0,,446,13,14435.46831,0.9814041928251122
#2831,,,,0,,73,19,14345.67122,0.7711134246575343
#1330,priceBucket,BTC,1d,0,Recurring Named Outcome,737,35,14328.72569842,0.18891443660786975
#3521,,,,0,,57,16,14317.42189,0.8701405263157895
#1580,,,,0,Outcome 158,1757,30,14294.17458478,0.13595648589072282
#8240,,,,0,,336,23,14219.98667,0.5300101190476191
#8261,,,,0,,312,15,14217.91474,0.7146055128205128
#660,priceBucket,BTC,1d,0,Recurring Fallback,277,5,14176.91656723,0.315884473898917
#1660,priceBucket,BTC,1d,0,Recurring Named Outcome,962,34,14166.87965472,0.12603935182952183
#8001,,,,0,,478,14,14145.21888,0.5388089748953975
#2541,,,,0,,251,26,13990.96855,0.7809476892430278
#960,priceBucket,BTC,1d,0,Recurring Fallback,437,8,13854.5832253,0.31292905926773457
#610,priceBucket,BTC,1d,0,Recurring Fallback,575,7,13771.83323399,0.3163768089391304
#6891,,,,0,,25,11,13723.56154,0.7773348
#5631,,,,0,,86,15,13711.18433,0.7552746511627907
#8701,,,,0,,513,7,13674.97019,0.986844074074074
#7110,,,,0,,58,20,13620.1688265,0.5557768389655172
#4231,,,,0,,140,16,13497.07312,0.4568754285714286
#1350,priceBucket,BTC,1d,0,Recurring Named Outcome,672,32,13454.79842007,0.1741536795982143
#3431,,,,0,,159,16,13433.02744,0.7709917610062893
#5590,,,,0,,107,28,13411.55322609,0.7294842987850467
#7950,,,,0,,215,32,13399.28857,0.6589075348837209
#9761,,,,0,,33,7,13377.23686,0.9653242424242424
#7720,,,,0,,326,26,13316.40762,0.4866692944785276
#9071,,,,0,,273,182,13278.43105,0.8692299267399267
#4681,,,,0,,320,23,13247.66521,0.307382625
#1400,priceBucket,BTC,1d,0,Recurring Named Outcome,844,26,13161.14987114,0.1985434191943128
#8281,,,,0,,116,8,13098.30913,0.8316143965517241
#4781,,,,0,,191,15,13097.7763,0.9179525654450261
#7920,,,,0,,367,38,13041.21234,0.5133926975476839
#3280,,,,0,,470,25,13033.08020373,0.181371190893617
#8380,,,,0,,140,28,13013.32708,0.6644905
#8171,,,,0,,498,20,12989.87222,0.5132073092369478
#2720,,,,0,,394,20,12970.9290635,0.21462008385786802
#4801,,,,0,,110,10,12892.8621,0.9097869090909091
#2680,,,,0,,225,52,12830.78861,0.6674856888888889
#9481,,,,0,,237,20,12828.53483,0.595137805907173
#2240,,,,0,Outcome 224,447,37,12804.53976149,0.31154635284116333
#7651,,,,0,,445,21,12795.52668,0.4538931011235955
#9001,,,,0,,227,29,12757.74697,0.5138278414096916
#4790,,,,0,,260,19,12745.224782,0.8486210255
#9080,,,,0,,275,37,12624.6137,0.3032864
#7001,,,,0,,342,24,12614.78738,0.26931698830409356
#1671,,,,0,Outcome 167,222,21,12599.39731,0.3968327027027027
#7631,,,,0,,183,17,12582.9617,0.5525970491803278
#8061,,,,0,,353,25,12562.4186,0.39649053824362607
#8721,,,,0,,42,9,12556.65197,0.8972609523809523
#7851,,,,0,,143,17,12536.60791,0.8145986013986014
#7231,,,,0,,309,15,12530.82394,0.18820708737864078
#6670,,,,0,,194,17,12522.91062,0.4716022680412371
#6841,,,,0,,328,19,12510.01493,0.3750805487804878
#9711,,,,0,,78,15,12434.5242,0.8313778205128205
#9630,,,,0,,153,23,12420.70026,0.7962194117647059
#6701,,,,0,,162,14,12349.98117,0.9247354938271606
#4110,,,,0,,274,29,12319.72397,0.5663507664233577
#8290,,,,0,,257,28,12292.37733687,0.8592258624902724
#7731,,,,0,,267,19,12280.56484,0.48010876404494385
#3041,,,,0,,121,28,12258.03233,0.6373759504132231
#7590,,,,0,,171,24,12255.20276,0.7934126315789474
#7831,,,,0,,274,22,12215.09786,0.6282690145985401
#7980,,,,0,,296,20,12190.33119,0.6002977702702703
#8000,,,,0,,523,30,12168.37344,0.47688411089866156
#8160,,,,0,,324,30,12166.60982,0.5645975308641975
#1150,priceBucket,BTC,1d,0,Recurring Named Outcome,795,33,12144.99276311,0.1737488669937107
#8531,,,,0,,203,17,11974.40765,0.44205719211822664
#3010,,,,0,,16,5,11962.08321394,0.32291666375
#7261,,,,0,,477,9,11956.16949,0.9844193291404612
#5431,,,,0,,83,12,11873.57978,0.7373460240963855
#9141,,,,0,,148,24,11852.28511,0.6356265540540541
#7921,,,,0,,387,17,11842.02241,0.5205509043927649
#5470,,,,0,,307,23,11834.85408,0.5444507817589577
#340,priceBucket,BTC,1d,0,Recurring Named Outcome,467,40,11798.57390272,0.13220338978586724
#4270,,,,0,,295,20,11791.52824,0.43499593220338983
#1680,priceBucket,BTC,1d,0,Recurring Named Outcome,469,36,11759.41379841,0.1941544696162047
#1480,priceBucket,BTC,1d,0,Recurring Named Outcome,1856,37,11710.3668282,0.20367063662176724
#3201,,,,0,,82,23,11682.25541,0.818524512195122
#4070,,,,0,,217,26,11615.65472117,0.636566067235023
#8670,,,,0,,254,14,11607.70657,0.6421593700787401
#8590,,,,0,,168,25,11598.16403,0.6766633333333333
#4161,,,,0,,90,17,11585.80452,0.847995
#1341,priceBucket,BTC,1d,0,Recurring Named Outcome,346,26,11577.10419,0.22106742774566474
#5391,,,,0,,222,21,11495.74321,0.6418400450450451
#7751,,,,0,,117,13,11458.01001,0.8317076068376069
#8481,,,,0,,216,20,11374.38668,0.8268015740740741
#2551,,,,0,,245,19,11309.95602,0.38941322448979593
#1320,priceBucket,BTC,1d,0,Recurring Fallback,263,5,11293.83325428,0.32160962958174905
#7041,,,,0,,64,11,11292.50506,0.9166309375
#1170,priceBucket,BTC,1d,0,Recurring Fallback,232,7,11273.49992494,0.31501436521551723
#4241,,,,0,,113,22,11268.61505,0.9192465486725664
#7441,,,,0,,173,14,11187.86639,0.7910859537572253
#1751,named,,,0,Austria,101,12,11179.33024,0.9318008910891089
#1831,named,,,0,Croatia,17,7,11179.22421,0.9065664705882354
#2700,,,,0,,251,19,11177.6343588,0.22254315976095618
#7350,,,,0,,145,26,11163.25722,0.8039466206896552
#2591,,,,0,,156,19,11150.17655,0.8262096794871795
#6881,,,,0,,240,11,11139.93557,0.27113487500000005
#8520,,,,0,,176,27,11139.07596,0.460315
#4061,,,,0,,103,21,11126.77267,0.8325354368932039
#8150,,,,0,,284,26,11100.30769,0.4879560563380282
#7550,,,,0,,187,25,11062.06771,0.6071127807486632
#8880,,,,0,,148,23,11056.23723989,0.45307650898648644
#8640,,,,0,,193,17,10968.0271066,0.31200302243523315
#4151,,,,0,,164,16,10943.67055,0.2661482317073171
#1120,priceBucket,BTC,1d,0,Recurring Fallback,376,6,10929.49992101,0.31582446545212767
#6421,,,,0,,192,21,10794.87252,0.6324023958333334
#8170,,,,0,,493,33,10714.16544,0.4996937931034483
#6721,,,,0,,74,13,10618.03647,0.8778255405405406
#8301,,,,0,,105,10,10577.52387,0.9431600952380952
#2630,,,,0,,130,26,10556.29321,0.7293494615384616
#2690,,,,0,,158,3,10549.9999279,0.3148734151265823
#9670,,,,0,,108,23,10544.63555331,0.8659916049074075
#6621,,,,0,,65,13,10534.82617,0.8201409230769231
#2610,,,,0,,369,32,10492.64086083,0.3001343447696477
#860,priceBucket,BTC,1d,0,Recurring Fallback,386,6,10464.24993324,0.3022452483419689
#5540,,,,0,,432,22,10463.25335,0.48240798611111113
#9000,,,,0,,199,43,10404.90247,0.5070805025125628
#3260,,,,0,,545,25,10357.38823738,0.11360108822018349
#7730,,,,0,,371,27,10334.65161,0.5845855256064689
#3111,,,,0,,93,18,10297.55334,0.6213353763440861
#1530,priceBucket,BTC,1d,0,Recurring Named Outcome,817,33,10285.24996997,0.1462034306609547
#5541,,,,0,,366,19,10280.6932,0.5092010655737705
#1370,priceBucket,BTC,1d,0,Recurring Fallback,389,5,10221.7499282,0.31212510462724935
#7220,,,,0,,390,14,10195.39974,0.5747584615384616
#2231,,,,0,Outcome 223,230,23,10183.26798,0.4729105652173913
#2640,,,,0,,180,51,10170.85379,0.7139327777777779
#6540,,,,0,,43,13,10121.09646,0.7002583720930232
#9901,,,,0,,11,4,10074.65345,0.8081818181818182
#7821,,,,0,,256,15,10005.93263,0.6829223046875
#7491,,,,0,,111,6,9954.26804,0.8543779279279279
#6661,,,,0,,257,16,9855.90524,0.4756569260700389
#4670,,,,0,,129,21,9813.05792,0.6060289147286821
#7191,,,,0,,88,10,9790.81312,0.536057159090909
#5510,,,,0,,96,25,9747.36077902,0.7829699998958333
#9541,,,,0,,142,18,9730.42982,0.5967256338028168
#7771,,,,0,,187,12,9723.89429,0.8068279679144386
#9841,,,,0,,45,4,9688.57876,0.9789486666666666
#8241,,,,0,,337,23,9671.18835,0.48682741839762617
#6460,,,,0,,79,20,9658.9152,0.6862650632911392
#9621,,,,0,,143,23,9618.40412,0.5318423076923077
#2670,,,,0,,125,18,9581.49561,0.55723528
#4200,,,,0,,384,37,9574.81519,0.38064666666666663
#4111,,,,0,,251,26,9570.23779,0.4418458167330677
#7560,,,,0,,181,27,9514.42582,0.6368118232044199
#2370,priceBucket,BTC,1d,0,Recurring Named Outcome,265,43,9504.49509449,0.4096187920754717
#4081,,,,0,,150,15,9476.44091,0.727923
#7480,,,,0,,145,23,9468.67808,0.8846084137931035
#5480,,,,0,,348,39,9446.42844,0.26891433908045975
#6591,,,,0,,392,24,9417.38833,0.10560288265306123
#3340,,,,0,,261,16,9367.43030101,0.28092423957854407
#8530,,,,0,,226,41,9345.48458634,0.5962830382743363
#7710,,,,0,,204,21,9312.79709,0.5255770098039215
#8041,,,,0,,71,9,9271.52784,0.8702288732394367
#4750,,,,0,,220,17,9255.22671,0.5527229090909092
#3250,,,,0,,160,3,9204.49993742,0.313541664125
#6580,,,,0,,253,13,9193.08105,0.6200096442687747
#2360,priceBucket,BTC,1d,0,Recurring Named Outcome,225,30,9098.42476218,0.5485186515555556
#4220,,,,0,,194,27,9081.65831662,0.37722309257731956
#1650,priceBucket,BTC,1d,0,Recurring Fallback,190,6,9052.91660577,0.31842104989473685
#5640,,,,0,,318,48,9006.258,0.21857522012578615
#8911,,,,0,,131,22,8987.62834,0.6127719847328243
#9300,,,,0,,79,19,8957.14204,0.6887518987341772
#6471,,,,0,,115,10,8917.5202,0.64835
#6660,,,,0,,234,17,8909.30051,0.5293558547008547
#7101,,,,0,,82,9,8854.37155,0.5835976829268292
#9151,,,,0,,97,12,8845.41675,0.7240790721649485
#2281,,,,0,Outcome 228,159,17,8813.59747,0.46032817610062887
#7141,,,,0,,269,16,8741.73596,0.40435133828996284
#4280,,,,0,,707,48,8692.01685,0.23717602545968883
#2601,,,,0,,192,21,8667.76666,0.3265330208333333
#9101,,,,0,,64,7,8665.54592,0.837665
#8401,,,,0,,224,30,8645.72349,0.3645784375
#7201,,,,0,,99,10,8582.26278,0.5585329292929293
#5550,,,,0,,223,18,8573.16083,0.4533387443946188
#310,priceBucket,BTC,1d,0,Recurring Fallback,174,5,8551.74993408,0.3156130241954023
#4031,,,,0,,89,9,8516.58404,0.2839011235955056
#4041,,,,0,,254,23,8444.50087,0.22420456692913387
#6430,,,,0,,138,19,8437.68531,0.31469753623188407
#7321,,,,0,,185,30,8384.24192,0.25630783783783784
#6870,,,,0,,82,16,8345.77066875,0.17448056890243904
#7961,,,,0,,189,12,8343.40555,0.7251302116402116
#1000,,,,0,Fallback,1432,10,8334.41661023,0.3112197368435754
#7981,,,,0,,278,13,8307.81998,0.407521654676259
#1550,priceBucket,BTC,1d,0,Recurring Fallback,361,7,8303.58327292,0.3240997200277008
#4700,,,,0,,202,14,8296.13969652,0.20970158391089108
#6481,,,,0,,40,7,8285.10674,0.9293075
#8661,,,,0,,261,10,8273.22041,0.3918467049808429
#8950,,,,0,,90,22,8267.45834,0.8714118888888889
#7450,,,,0,,263,28,8206.94614,0.34216490494296575
#8900,,,,0,,221,39,8197.20488,0.4871443438914027
#7431,,,,0,,172,20,8115.66175,0.37303813953488374
#7641,,,,0,,197,21,8105.93281,0.4301215228426396
#8961,,,,0,,101,9,8103.40953,0.7683611881188118
#9560,,,,0,,230,24,8072.62748,0.336756
#8980,,,,0,,160,27,8062.03373,0.598874125
#3001,,,,0,,126,36,8017.11332,0.7655918253968254
#9741,,,,0,,73,8,7974.42546,0.377717397260274
#7991,,,,0,,263,15,7956.26539,0.5665753992395437
#8871,,,,0,,125,9,7954.24665,0.5297332800000001
#9751,,,,0,,79,5,7923.4128,0.7264779746835442
#5110,,,,0,,650,49,7908.84608451,0.17229913753846154
#4180,,,,0,,246,19,7905.43776,0.27241922764227644
#7121,,,,0,,111,9,7893.25667,0.9705947747747747
#3071,,,,0,,81,16,7824.28404,0.4452267901234568
#9550,,,,0,,287,21,7732.32794,0.47411163763066205
#5521,,,,0,,61,12,7725.55461,0.8893359016393443
#4260,,,,0,,240,19,7720.05301,0.44761254166666664
#8741,,,,0,,175,22,7710.00634,0.4967784
#7030,,,,0,,58,28,7661.97209297,0.646380516724138
#3911,,,,0,,116,18,7630.76519,0.7167202586206897
#5661,,,,0,,63,14,7608.52183,0.7447098412698412
#2290,,,,0,Outcome 229,292,35,7608.10340386,0.3046739949315068
#6991,,,,0,,241,19,7561.14211,0.24875365145228215
#6551,,,,0,,67,10,7524.03904,0.7603673134328358
#3681,,,,0,,67,21,7494.9952,0.7109850746268657
#2220,,,,0,Outcome 222,425,23,7490.94418371,0.18919116051764703
#9240,,,,0,,68,13,7367.29795,0.7140698529411765
#9480,,,,0,,194,26,7364.08408,0.4518578865979382
#9791,,,,0,,127,11,7325.10289,0.5801614173228347
#8191,,,,0,,107,13,7304.68309,0.7648357009345794
#2671,,,,0,,123,20,7300.4614,0.44222382113821135
#3671,,,,0,,88,24,7249.6229,0.6391098863636363
#7951,,,,0,,178,12,7225.8579,0.3784105056179775
#2361,priceBucket,BTC,1d,0,Recurring Named Outcome,183,23,7222.5989,0.5630265573770492
#7221,,,,0,,377,11,7188.39416,0.42430257294429713
#2660,,,,0,,144,25,7155.79103,0.5812090277777778
#1450,priceBucket,BTC,1d,0,Recurring Fallback,777,7,7149.83328145,0.30973830734877733
#5471,,,,0,,250,22,7107.26785,0.45983408
#8420,,,,0,,239,30,7077.09654,0.43314686192468616
#9160,,,,0,,227,32,6999.4032,0.4780563436123348
#8580,,,,0,,251,34,6966.42511,0.5898761354581673
#5601,,,,0,,35,9,6941.65675,0.8180214285714286
#7871,,,,0,,53,11,6933.04524,0.8863211320754717
#8411,,,,0,,247,16,6922.46902,0.6185378542510122
#9781,,,,0,,133,9,6913.71946,0.5449312030075187
#6711,,,,0,,264,13,6863.51029,0.08870249999999999
#4320,,,,0,,396,18,6853.50378725,0.0869968094949495
#8881,,,,0,,144,10,6851.44256,0.572260625
#7300,,,,0,,265,15,6832.04403,0.570224641509434
#7630,,,,0,,164,16,6818.87986,0.4778336585365854
#4751,,,,0,,186,18,6814.93248,0.4605214516129032
#8861,,,,0,,241,8,6784.4369,0.9902578008298755
#2181,named,,,0,Uruguay,12,3,6748.98847,0.9498933333333334
#7830,,,,0,,303,29,6730.25101,0.3988588118811881
#6581,,,,0,,244,11,6678.19735,0.3914902868852459
#9800,,,,0,,65,23,6663.66034,0.7103927692307692
#5670,,,,0,,100,22,6653.9663329,0.7777816998999999
#8740,,,,0,,195,23,6651.75444,0.5141705641025641
#9551,,,,0,,249,16,6631.4996,0.5203027710843373
#8070,,,,0,,239,19,6603.48138,0.5186885774058577
#5501,,,,0,,44,11,6583.29468,0.8661997727272727
#8081,,,,0,,383,12,6576.91517,0.37020911227154046
#4140,,,,0,,113,20,6544.66897064,0.21284604654867256
#7810,,,,0,,220,17,6526.64908,0.339466
#2681,,,,0,,210,31,6492.8477,0.381886380952381
#1600,,,,0,Outcome 160,328,6,6476.08329383,0.3056402416768293
#8671,,,,0,,224,13,6456.96393,0.3527068303571429
#4160,,,,0,,122,20,6452.23913369,0.22007505393442622
#7190,,,,0,,103,20,6448.4145275,0.44473880252427184
#1971,named,,,0,Jordan,24,4,6435.45753,0.97741
#7681,,,,0,,165,8,6382.40571,0.28243436363636365
#7270,,,,0,,130,29,6373.7895686,0.5691433332307693
#8621,,,,0,,36,7,6366.30013,0.871028888888889
#7111,,,,0,,45,5,6318.65111,0.4356035555555556
#9861,,,,0,,115,14,6299.77867,0.6011766956521738
#7100,,,,0,,83,10,6130.8108365,0.46929839349397584
#2621,,,,0,,152,26,6117.13607,0.3354101315789474
#2091,named,,,0,Senegal,45,8,6113.58257,0.9753795555555556
#3751,,,,0,,106,27,6100.1931,0.4449706603773585
#6510,,,,0,,147,18,6085.93699,0.18631156462585033
#9701,,,,0,,51,8,5992.17544,0.8195770588235295
#8330,,,,0,,154,20,5991.8244,0.7437557792207793
#8071,,,,0,,217,11,5967.71103,0.4717645622119816
#2540,,,,0,,276,23,5959.17278482,0.2601023184782608
#9960,,,,0,,94,20,5929.15272,0.6993370212765957
#4721,,,,0,,84,13,5881.25505,0.8461107142857143
#8110,,,,0,,113,12,5856.8183,0.9681133628318584
#8990,,,,0,,163,24,5839.90712,0.6015063190184049
#4071,,,,0,,118,15,5839.77486,0.330051186440678
#8760,,,,0,,148,36,5811.60767,0.48609418918918923
#9821,,,,0,,18,6,5786.77101,0.7347972222222222
#2151,named,,,0,Tunisia,44,5,5777.66889,0.9821529545454546
#9361,,,,0,,55,8,5771.93614,0.892026
#9620,,,,0,,154,24,5708.70235,0.4864955194805195
#4671,,,,0,,124,10,5701.3704,0.3891716935483871
#2491,named,,,0,Draw,142,21,5698.02822,0.7256671126760563
#8870,,,,0,,147,31,5651.74209273,0.49315596367346937
#9470,,,,0,,101,20,5568.14931,0.6260337623762376
#9881,,,,0,,148,23,5566.72073,0.5014938513513514
#9061,,,,0,,132,9,5547.64864,0.6415356818181818
#9880,,,,0,,141,25,5523.86799,0.5039173758865249
#7311,,,,0,,169,20,5484.01021,0.30630461538461534
#8260,,,,0,,309,21,5482.46508,0.2851502588996764
#3230,,,,0,,140,13,5478.65942,0.6035663571428571
#7551,,,,0,,183,21,5427.07722,0.4249513114754099
#7910,,,,0,,218,29,5422.98689,0.4717487155963303
#1500,priceBucket,BTC,1d,0,Recurring Fallback,194,9,5402.83329374,0.32173539231958764
#9461,,,,0,,111,21,5381.57103,0.3344898198198198
#9321,,,,0,,156,7,5376.33146,0.3825998717948718
#8541,,,,0,,93,7,5293.02655,0.965578817204301
#7990,,,,0,,251,19,5272.62589,0.4318796015936255
#8360,,,,0,,340,12,5254.064418,0.025021401941176472
#7540,,,,0,,140,15,5245.71691,0.5793965
#8340,,,,0,,162,25,5233.56345,0.6244874691358026
#3161,,,,0,,69,22,5201.7482,0.7443942028985507
#9780,,,,0,,126,15,5170.93339,0.49417047619047616
#2081,named,,,0,Scotland,12,3,5167.6831,0.9561866666666666
#7911,,,,0,,206,16,5152.54837,0.5356482038834951
#8381,,,,0,,128,12,5099.35463,0.369057890625
#7820,,,,0,,250,19,5097.25132,0.32968000000000003
#2191,named,,,0,Uzbekistan,203,4,5095.67682,0.9926687192118226
#7160,,,,0,,214,33,5083.00136,0.2885970560747664
#3330,,,,0,,132,6,5060.16663136,0.30555555333333334
#9590,,,,0,,20,8,5058.98082,0.765556
#9540,,,,0,,166,18,5044.31953,0.4057862650602409
#2991,,,,0,,106,19,5038.74593,0.4785065094339623
#9190,,,,0,,112,25,5026.19454609,0.6314250296428572
#2661,,,,0,,130,23,4961.62438,0.43296215384615383
#8751,,,,0,,168,17,4917.32354,0.464347380952381
#8581,,,,0,,219,20,4917.07646,0.42263981735159817
#2270,,,,0,Outcome 227,361,19,4905.14301622,0.1608078851800554
#7960,,,,0,,188,21,4835.15711,0.2889158510638298
#9230,,,,0,,93,20,4807.09641,0.7653923655913978
#7561,,,,0,,195,22,4802.28742,0.3274188205128205
#8820,,,,0,,120,28,4733.56787,0.6328556666666666
#8750,,,,0,,135,19,4733.18453,0.5436644444444444
#8321,,,,0,,411,18,4721.13599,0.25996406326034066
#2210,,,,0,Outcome 221,117,7,4684.33330179,0.3212250683760684
#5660,,,,0,,72,20,4640.323563,0.2931910647222222
#4711,,,,0,,141,17,4618.85719,0.3050963120567376
#8441,,,,0,,56,7,4613.30953,0.9420705357142857
#9720,,,,0,,110,19,4590.45121,0.3474658181818182
#4080,,,,0,,175,19,4572.52316117,0.3040879805142857
#7271,,,,0,,109,12,4570.23372,0.4358675229357798
#7360,,,,0,,167,21,4562.26480246,0.19533163670658685
#8030,,,,0,,95,17,4518.9842,0.8100557894736842
#9581,,,,0,,17,7,4508.68333,0.9777617647058823
#4130,,,,0,,49,4,4508.24996901,0.3129251675510204
#2631,,,,0,,120,15,4507.01824,0.26129991666666663
#6420,,,,0,,157,16,4478.41214,0.4138578343949044
#3240,,,,0,,74,21,4429.59012,0.6553682432432433
#8981,,,,0,,149,18,4427.82206,0.40659536912751676
#7301,,,,0,,250,13,4420.27255,0.43535908
#2380,priceBucket,BTC,1d,0,Recurring Named Outcome,275,23,4412.85886449,0.09673498145454545
#8521,,,,0,,175,11,4399.80756,0.5725328000000001
#9341,,,,0,,16,3,4378.57524,0.8065675
#8251,,,,0,,124,12,4377.08104,0.6656873387096774
#9140,,,,0,,132,20,4365.93061,0.40689325757575756
#3310,,,,0,,111,12,4300.34657,0.5944013513513513
#7281,,,,0,,41,6,4296.87023,0.47397341463414633
#3300,,,,0,,107,15,4235.37335,0.6078130841121495
#2071,named,,,0,Saudi Arabia,11,4,4227.0566,0.9306272727272727
#8631,,,,0,,178,9,4212.26274,0.22281887640449438
#8681,,,,0,,265,19,4148.08919,0.20540109433962264
#8790,,,,0,,41,17,4137.9239,0.9155982926829268
#8410,,,,0,,237,12,4111.81173,0.3856303375527426
#8280,,,,0,,119,10,4086.57331585,0.17135938369747897
#8190,,,,0,,91,15,4082.7665,0.25019659340659345
#6470,,,,0,,134,19,4069.7574699,0.3216223382835821
#6640,,,,0,,172,19,4066.74394318,0.1356068796511628
#7280,,,,0,,41,12,4023.1758086,0.49459569073170734
#9430,,,,0,,50,18,3963.6682,0.7652958
#2530,,,,0,,108,4,3960.41664237,0.30478394842592593
#6620,,,,0,,51,11,3951.90148332,0.2700598690196079
#8211,,,,0,,159,6,3896.95827,0.9318372327044024
#5511,,,,0,,76,10,3857.56759,0.2374096052631579
#8491,,,,0,,55,15,3833.50136,0.7554307272727273
#6890,,,,0,,39,8,3820.92467531,0.24196521307692306
#7440,,,,0,,171,16,3819.95817,0.20440602339181285
#9041,,,,0,,69,8,3802.7006,0.9088604347826087
#8920,,,,0,,154,40,3793.41567,0.2173153896103896
#6500,,,,0,,485,17,3776.26598,0.10142630927835052
#5090,,,,0,,249,9,3755.58329827,0.31291833751004017
#8910,,,,0,,96,18,3739.4082,0.42033864583333336
#9940,,,,0,,113,17,3653.56157,0.540560796460177
#7861,,,,0,,201,11,3614.97647,0.20623960199004976
#8370,,,,0,,210,22,3609.452678,0.22754565076190478
#2590,,,,0,,153,18,3601.27007336,0.2154378647058824
#9421,,,,0,,82,9,3570.62703,0.8299363414634146
#4791,,,,0,,217,10,3518.31025,0.13525815668202765
#6700,,,,0,,117,12,3497.28858559,0.12134210811965812
#4101,,,,0,,150,19,3491.24161,0.24409180000000003
#5430,,,,0,,151,29,3472.00491363,0.3252404847682119
#7601,,,,0,,79,7,3450.53786,0.8072088607594937
#7670,,,,0,,169,12,3430.99876,0.20608934911242602
#9790,,,,0,,96,17,3419.60931,0.4526908333333333
#4290,,,,0,,56,5,3407.49997672,0.3154761878571429
#2131,named,,,0,Sweden,19,6,3398.27636,0.9342121052631578
#7020,,,,0,,67,12,3382.91586641,0.20607572104477612
#8461,,,,0,,74,6,3357.31889,0.8720302702702704
#8841,,,,0,,207,24,3334.71563,0.25642478260869567
#9391,,,,0,,53,14,3331.72179,0.6735184905660377
#9381,,,,0,,75,12,3331.667,0.6587116000000001
#9661,,,,0,,16,5,3319.45556,0.934783125
#7591,,,,0,,139,4,3301.73441,0.21211611510791367
#9860,,,,0,,111,19,3293.43917,0.4069531531531531
#7770,,,,0,,197,14,3272.99471,0.19440883248730967
#7761,,,,0,,153,8,3263.079,0.2691160130718954
#2161,named,,,0,Turkey,114,5,3251.13414,0.9904199122807018
#9261,,,,0,,14,4,3250.95556,0.9512264285714286
#7351,,,,0,,115,10,3200.67323,0.19502747826086955
#7541,,,,0,,122,12,3182.54718,0.42479327868852457
#5591,,,,0,,74,14,3166.88498,0.26931094594594596
#4121,,,,0,,162,21,3162.84928,0.25356512345679016
#3301,,,,0,,105,16,3161.65228,0.44088038095238097
#9631,,,,0,,125,13,3158.74161,0.22498063999999998
#8991,,,,0,,146,15,3146.36887,0.4120643835616438
#7940,,,,0,,221,16,3140.42913,0.08410357466063348
#3031,,,,0,,56,20,3129.64743,0.5970248214285715
#8120,,,,0,,627,12,3128.36241,0.02965098883572568
#5580,,,,0,,90,18,3124.49454398,0.1315193701111111
#9181,,,,0,,66,8,3108.8473,0.7956165151515151
#2641,,,,0,,135,25,3107.20926,0.2938096296296296
#4060,,,,0,,110,16,3088.80820246,0.23259457527272728
#9750,,,,0,,81,16,3060.61283983,0.3043850616049383
#6720,,,,0,,73,13,3005.65760098,0.15969726
#6631,,,,0,,95,11,2990.60678,0.1571435789473684
#8830,,,,0,,102,19,2980.07862,0.710758725490196
#9441,,,,0,,42,5,2979.19423,0.9394211904761904
#2061,named,,,0,Qatar,15,5,2893.70794,0.9576226666666667
#8291,,,,0,,225,8,2890.06967,0.13520844444444444
#9220,,,,0,,77,15,2863.27231,0.6675103896103896
#6461,,,,0,,84,10,2846.30766,0.31696416666666666
#3220,,,,0,,110,19,2839.16399,0.6236399090909092
#4720,,,,0,,91,14,2797.98886961,0.2104824901098901
#7750,,,,0,,118,11,2797.07756,0.1718264406779661
#3231,,,,0,,128,13,2782.80022,0.411579453125
#1851,named,,,0,Czechia,13,4,2759.02938,0.9203915384615384
#3321,,,,0,,229,16,2758.47699,0.11115069868995633
#8201,,,,0,,302,4,2705.2356,0.08238814569536423
#9941,,,,0,,95,11,2687.63195,0.48347484210526315
#6560,,,,0,,210,9,2687.43323655,0.027335650761904765
#8941,,,,0,,32,6,2673.11025,0.9031065625
#9471,,,,0,,75,11,2656.90267,0.38638493333333335
#2350,fallback,,,0,Recurring Fallback,52,4,2621.83331558,0.3141025615384615
#7031,,,,0,,41,7,2612.03172,0.32079243902439025
#9270,,,,0,,10,2,2555.23591,0.778724
#7180,,,,0,,248,8,2541.6934975,0.05075389782258064
#7040,,,,0,,71,13,2535.49626636,0.125194178028169
#1771,named,,,0,Bosnia and Herzegovina,18,7,2535.13004,0.8880622222222222
#5600,,,,0,,48,14,2463.19826717,0.22429902708333335
#8500,,,,0,,122,23,2442.43353,0.3092209836065574
#6541,,,,0,,39,9,2442.37754,0.34622794871794876
#6550,,,,0,,69,15,2440.52392655,0.24659516898550723
#9121,,,,0,,20,5,2408.41971,0.909499
#8821,,,,0,,103,14,2403.69585,0.38633941747572814
#9301,,,,0,,70,13,2380.84371,0.3316637142857143
#5520,,,,0,,65,12,2377.79558502,0.1274294356923077
#8591,,,,0,,164,16,2357.81441,0.33270829268292684
#5620,,,,0,,356,16,2345.94317,0.10023508426966292
#9030,,,,0,,12,7,2338.21669,0.7618316666666667
#9350,,,,0,,25,9,2336.52399,0.9004856
#2101,named,,,0,South Africa,26,5,2331.10294,0.9390180769230769
#7850,,,,0,,132,14,2309.78545,0.17703568181818183
#9060,,,,0,,122,18,2269.4978,0.3991946721311475
#4240,,,,0,,131,15,2269.05387926,0.13003852366412214
#1931,named,,,0,Iran,17,8,2243.38496,0.8515776470588236
#3311,,,,0,,90,10,2199.95496,0.47111022222222226
#6690,,,,0,,15,4,2187.24998195,0.299999998
#1941,named,,,0,Iraq,12,4,2173.68775,0.87349
#4780,,,,0,,179,16,2172.50521212,0.09772906882681563
#5500,,,,0,,43,12,2140.61293512,0.15855999976744187
#9961,,,,0,,91,6,2135.83752,0.3470034065934066
#6860,,,,0,,7,3,2135.66664531,0.33333333
#9950,,,,0,,45,16,2116.32576,0.6786071111111112
#8020,,,,0,,84,13,2090.0936365,0.09753432535714286
#2260,,,,0,Outcome 226,75,6,2052.16665181,0.3199999972
#8480,,,,0,,208,24,2022.9626,0.1828891826923077
#8250,,,,0,,102,14,1987.79841,0.3995385294117647
#9681,,,,0,,20,3,1972.09924,0.8576779999999999
#1921,named,,,0,Haiti,11,5,1954.49341,0.9010190909090909
#8960,,,,0,,95,13,1941.53354853,0.2492947367368421
#9311,,,,0,,87,9,1909.98835,0.31246896551724135
#9710,,,,0,,81,9,1895.27155,0.18347037037037037
#9191,,,,0,,76,11,1853.22507,0.35691815789473685
#9831,,,,0,,39,6,1835.08308,0.08924641025641025
#8300,,,,0,,108,11,1825.94760702,0.06921996907407407
#1821,named,,,0,Congo DR,23,7,1807.73404,0.8883721739130435
#8780,,,,0,,67,14,1796.44126,0.09099194029850748
#7490,,,,0,,110,13,1785.47051,0.15581963636363638
#5630,,,,0,,91,17,1776.21383,0.2534464835164835
#5671,,,,0,,71,12,1775.20018,0.22832028169014087
#9150,,,,0,,99,19,1774.98409,0.29418727272727274
#9400,,,,0,,78,20,1771.36305,0.2885271794871795
#9871,,,,0,,40,11,1750.21364,0.63232725
#9501,,,,0,,35,6,1718.06029,0.8947277142857143
#4800,,,,0,,123,13,1717.347312,0.11702680186991869
#3241,,,,0,,71,17,1701.03833,0.35775915492957744
#9591,,,,0,,16,4,1699.51758,0.25842375
#7260,,,,0,,478,8,1687.3085086,0.019170111548117156
#9431,,,,0,,42,4,1650.80481,0.24020404761904762
#8951,,,,0,,81,12,1615.10607,0.16138308641975307
#2031,named,,,0,Panama,9,3,1601.41164,0.9350722222222222
#7010,,,,0,,15,4,1561.33332287,0.31666666400000004
#4690,,,,0,,35,4,1553.99998957,0.3142857117142857
#8451,,,,0,,505,6,1548.99863,0.0734949306930693
#9070,,,,0,,258,25,1525.51238,0.12577852713178295
#9100,,,,0,,74,9,1492.43430189,0.18831702675675674
#9510,,,,0,,27,12,1483.53166,0.7996211111111111
#9601,,,,0,,8,3,1463.34962,0.8286225
#8341,,,,0,,130,10,1426.2745,0.42540307692307694
#8720,,,,0,,42,17,1360.51171,0.10577119047619046
#3221,,,,0,,101,16,1351.49478,0.3923995049504951
#7690,,,,0,,114,16,1338.56515,0.18035447368421054
#9231,,,,0,,66,10,1329.69574,0.3362009090909091
#9671,,,,0,,90,6,1324.57526,0.12852833333333333
#7120,,,,0,,112,14,1317.3050965,0.037764434464285714
#5680,,,,0,,447,12,1296.7725529,0.02125319908277405
#1841,named,,,0,Curacao,7,4,1277.74528,0.7849571428571428
#9221,,,,0,,62,11,1276.47514,0.3587866129032258
#9380,,,,0,,60,15,1241.98423,0.3603455
#9241,,,,0,,59,13,1210.18322,0.31014237288135593
#9840,,,,0,,52,9,1202.79288666,0.04222416653846154
#6480,,,,0,,41,7,1191.5936099,0.07687861780487805
#9021,,,,0,,11,6,1180.10458,0.8343381818181819
#9111,,,,0,,69,5,1179.06352,0.15982289855072462
#7481,,,,0,,144,6,1173.39777,0.10594715277777778
#9700,,,,0,,49,6,1138.95482,0.17130183673469387
#4050,,,,0,,43,4,1095.4999924,0.3100775169767442
#5570,,,,0,,16,5,1087.16665862,0.317708330625
#7600,,,,0,,73,8,1085.78712,0.1817472602739726
#9951,,,,0,,42,9,1031.72116,0.39430261904761904
#8711,,,,0,,612,8,1021.81964,0.0487503431372549
#1861,named,,,0,Ecuador,9,5,1018.63948,0.8290277777777777
#1741,named,,,0,Australia,79,12,1017.73533,0.9289064556962026
#9390,,,,0,,38,8,1013.92051,0.34256078947368424
#8031,,,,0,,57,8,1002.79857,0.2149956140350877
#2580,,,,0,,44,5,996.99999251,0.3238636334090909
#7581,,,,0,,36,7,976.45135,0.8790827777777778
#9201,,,,0,,15,5,969.499,0.9179993333333333
#9801,,,,0,,52,13,935.6269,0.2944821153846154
#7870,,,,0,,49,11,935.22668,0.11998448979591837
#8331,,,,0,,118,12,924.56433,0.24367237288135593
#4021,,,,0,,50,14,919.03632,0.23637239999999998
#8270,,,,0,,4,1,914.41665987,0.3124999975
#9180,,,,0,,72,14,896.2330165,0.23461203694444446
#9870,,,,0,,36,10,890.11242,0.3733108333333333
#8831,,,,0,,92,17,867.20587,0.30352184782608693
#9271,,,,0,,10,3,854.76409,0.22127599999999997
#4210,,,,0,,34,4,849.83332757,0.3137254876470588
#9420,,,,0,,89,9,848.95207,0.17084932584269663
#8040,,,,0,,73,14,842.0840565,0.13124812780821918
#7340,,,,0,,137,8,828.79763246,0.02008279802919708
#6610,,,,0,,17,4,767.99999484,0.30882352705882354
#5410,,,,0,,54,6,665.58332884,0.3209876514814815
#9360,,,,0,,53,7,643.83862,0.10968962264150944
#8800,,,,0,,96,12,618.55195,0.02857583333333333
#5490,,,,0,,6,3,607.99999458,0.3194444416666667
#9031,,,,0,,13,4,603.53331,0.31600153846153844
#7170,,,,0,,4,1,562.49999625,0.3124999975
#9921,,,,0,,6,3,539.00415,0.763995
#8111,,,,0,,103,3,531.79543,0.031038640776699027
#8620,,,,0,,35,11,520.60987,0.13494171428571428
#9040,,,,0,,70,7,512.51606542,0.09993280942857143
#8210,,,,0,,129,7,497.66648,0.07185697674418605
#9981,,,,0,,2,2,496.95826,0.984325
#9120,,,,0,,29,3,486.4969545,0.18597770034482758
#7470,,,,0,,436,12,434.84203,0.015681146788990824
#9090,,,,0,,15,1,408.5833305,0.3055555533333333
#8700,,,,0,,513,5,402.02981,0.013155925925925927
#8460,,,,0,,69,9,385.99101,0.11801579710144929
#8100,,,,0,,481,5,367.93433,0.015327546777546778
#8540,,,,0,,100,7,367.79603634,0.048678466499999996
#10001,,,,0,,7,3,366.42914,0.5814285714285715
#2111,named,,,0,South Korea,10,6,322.50796,0.846893
#9600,,,,0,,10,4,318.32038,0.180102
#7250,,,,0,,8,1,314.9999979,0.3124999975
#8940,,,,0,,37,12,306.00698853,0.11198972945945947
#2011,named,,,0,New Zealand,18,2,302.27753,0.9680416666666667
#9340,,,,0,,16,3,294.42476,0.1934325
#4770,,,,0,,16,4,285.24999806,0.317708330625
#8440,,,,0,,57,5,281.01447,0.05738684210526315
#8490,,,,0,,43,12,279.11119,0.2498146511627907
#8791,,,,0,,36,5,272.7262,0.09065444444444444
#9440,,,,0,,38,7,269.23949,0.061531315789473684
#9020,,,,0,,15,6,236.79208542,0.18326311066666667
#8350,,,,0,,2,2,199.999998,0.33333333
#10000,,,,0,,10,4,193.96886,0.41639799999999993
#9511,,,,0,,28,4,191.47225,0.21744000000000002
#9260,,,,0,,14,2,183.04444,0.04877357142857143
#9200,,,,0,,23,3,182.41666609,0.17449275304347828
#7580,,,,0,,35,6,179.44077,0.12411514285714285
#9820,,,,0,,20,7,178.67399,0.21695899999999999
#9500,,,,0,,35,5,171.93971,0.10527228571428572
#9010,,,,0,,3,1,171.41666542,0.30555555333333334
#8930,,,,0,,3,2,146.99999853,0.33333333
#9520,,,,0,,5,4,142.95604,0.5400940000000001
#9910,,,,0,,8,6,142.94666333,0.72956541625
#9680,,,,0,,23,7,137.98409287,0.16361333304347828
#8860,,,,0,,190,8,134.34514262,0.016673894684210527
#9900,,,,0,,14,5,128.69031,0.17024142857142857
#9990,,,,0,,2,2,118.70012,0.99748
#9170,,,,0,,11,2,115.24999934,0.28787878636363634
#9580,,,,0,,18,3,105.53667,0.039336111111111106
#9760,,,,0,,36,6,100.10713983,0.06614722194444445
#9351,,,,0,,19,4,97.89664,0.1239021052631579
#7330,,,,0,,1,1,87.33333246,0.33333333
#5650,,,,0,,5,2,84.9999994,0.316666664
#9521,,,,0,,5,3,73.04396,0.459906
#8850,,,,0,,3,1,71.33333262,0.33333333
#9660,,,,0,,17,4,64.29443956,0.09569431352941177
#9650,,,,0,,3,2,48.08333287,0.30555555333333334
#9911,,,,0,,6,2,46.63667,0.12446833333333333
#9920,,,,0,,7,3,46.03718333,0.23333761857142857
#7090,,,,0,,4,1,37.49999975,0.3124999975
#8510,,,,0,,5,1,32.66666634,0.33333333
#8010,,,,0,,2,1,29.1666665,0.291666665
#9730,,,,0,,4,2,18.49999983,0.3124999975
#9980,,,,0,,2,1,14.04174,0.015675
#6530,,,,0,,2,2,11.66666655,0.33333333
#6450,,,,0,,1,1,9.9999999,0.33333333
#8610,,,,0,,2,1,9.9166666,0.291666665
#9810,,,,0,,4,1,1.16666666,0.291666665
#9890,,,,0,,2,1,0.58333333,0.291666665
#9991,,,,0,,2,1,0.29988,0.00252
